CUS_CODE,ANS
CUST0000999786,0.0
CUST0000999385,0.0
CUST0000998907,0.0
CUST0000998851,0.0
CUST0000998609,0.0
CUST0000998017,0.0
CUST0000997627,0.0
CUST0000997572,0.0
CUST0000997464,0.0
CUST0000997386,0.0
CUST0000997118,0.0
CUST0000996890,0.0
CUST0000996727,1.0
CUST0000996270,0.0
CUST0000996154,0.0
CUST0000996036,0.0
CUST0000995942,1.0
CUST0000995323,0.0
CUST0000995062,0.0
CUST0000994627,1.0
CUST0000994500,1.0
CUST0000994456,0.0
CUST0000994430,1.0
CUST0000994325,1.0
CUST0000994273,0.0
CUST0000994225,0.0
CUST0000994092,0.0
CUST0000994026,1.0
CUST0000993845,1.0
CUST0000993716,1.0
CUST0000993604,0.0
CUST0000993466,0.0
CUST0000993271,0.0
CUST0000993082,0.0
CUST0000992774,0.0
CUST0000992773,0.0
CUST0000992596,0.0
CUST0000992462,0.0
CUST0000992313,0.0
CUST0000992272,1.0
CUST0000992117,1.0
CUST0000991565,0.0
CUST0000991376,0.0
CUST0000991337,0.0
CUST0000991195,0.0
CUST0000991150,1.0
CUST0000990401,0.0
CUST0000990193,1.0
CUST0000990077,0.0
CUST0000990044,0.0
CUST0000989488,0.0
CUST0000989318,0.0
CUST0000989268,0.0
CUST0000989103,0.0
CUST0000988538,0.0
CUST0000988276,1.0
CUST0000988262,1.0
CUST0000987979,1.0
CUST0000987769,0.0
CUST0000987552,0.0
CUST0000987542,0.0
CUST0000987265,0.0
CUST0000986685,0.0
CUST0000986665,1.0
CUST0000986591,0.0
CUST0000986342,1.0
CUST0000986262,0.0
CUST0000986165,0.0
CUST0000985648,0.0
CUST0000985595,1.0
CUST0000985435,1.0
CUST0000985379,0.0
CUST0000985355,1.0
CUST0000985163,0.0
CUST0000985022,0.0
CUST0000984963,0.0
CUST0000984916,1.0
CUST0000984828,0.0
CUST0000984808,1.0
CUST0000984478,1.0
CUST0000984094,0.0
CUST0000983830,0.0
CUST0000983579,1.0
CUST0000983323,0.0
CUST0000982560,0.0
CUST0000982155,1.0
CUST0000981925,0.0
CUST0000981826,0.0
CUST0000981759,1.0
CUST0000981610,0.0
CUST0000981542,0.0
CUST0000981494,0.0
CUST0000980958,1.0
CUST0000980779,0.0
CUST0000980514,1.0
CUST0000980418,0.0
CUST0000980408,0.0
CUST0000980244,0.0
CUST0000980026,0.0
CUST0000979780,0.0
CUST0000979243,0.0
CUST0000979107,1.0
CUST0000978956,0.0
CUST0000978795,0.0
CUST0000978286,0.0
CUST0000978270,0.0
CUST0000978130,1.0
CUST0000977889,1.0
CUST0000977878,0.0
CUST0000977551,0.0
CUST0000977193,0.0
CUST0000977162,0.0
CUST0000976866,0.0
CUST0000976863,1.0
CUST0000976731,0.0
CUST0000976555,1.0
CUST0000976529,0.0
CUST0000975940,0.0
CUST0000975797,0.0
CUST0000975676,0.0
CUST0000975317,1.0
CUST0000975272,0.0
CUST0000975006,0.0
CUST0000974910,1.0
CUST0000974781,1.0
CUST0000974742,1.0
CUST0000974546,0.0
CUST0000974519,0.0
CUST0000974365,1.0
CUST0000974297,0.0
CUST0000973965,0.0
CUST0000973403,1.0
CUST0000972938,0.0
CUST0000972290,0.0
CUST0000972119,0.0
CUST0000972049,1.0
CUST0000971991,0.0
CUST0000971929,0.0
CUST0000971718,0.0
CUST0000971672,0.0
CUST0000971633,0.0
CUST0000971355,0.0
CUST0000971298,0.0
CUST0000971178,0.0
CUST0000971158,0.0
CUST0000971135,0.0
CUST0000970138,0.0
CUST0000969621,0.0
CUST0000969460,0.0
CUST0000969302,0.0
CUST0000969237,0.0
CUST0000969123,0.0
CUST0000969050,0.0
CUST0000968749,0.0
CUST0000968322,0.0
CUST0000968222,0.0
CUST0000967987,0.0
CUST0000967657,0.0
CUST0000967395,1.0
CUST0000967288,0.0
CUST0000967247,0.0
CUST0000967041,0.0
CUST0000966156,0.0
CUST0000965879,0.0
CUST0000965784,0.0
CUST0000965765,0.0
CUST0000965597,0.0
CUST0000965441,1.0
CUST0000965378,0.0
CUST0000965308,1.0
CUST0000965181,1.0
CUST0000964472,1.0
CUST0000964342,0.0
CUST0000964191,0.0
CUST0000964168,1.0
CUST0000964045,0.0
CUST0000963716,0.0
CUST0000963557,0.0
CUST0000963329,0.0
CUST0000962337,0.0
CUST0000962125,0.0
CUST0000962041,0.0
CUST0000961436,0.0
CUST0000960491,1.0
CUST0000960424,0.0
CUST0000960281,0.0
CUST0000960214,0.0
CUST0000959875,0.0
CUST0000959598,0.0
CUST0000959483,1.0
CUST0000959416,0.0
CUST0000959407,1.0
CUST0000959332,0.0
CUST0000959307,0.0
CUST0000959210,0.0
CUST0000958935,0.0
CUST0000958757,0.0
CUST0000958177,0.0
CUST0000958098,0.0
CUST0000957777,1.0
CUST0000957318,0.0
CUST0000957143,1.0
CUST0000957087,1.0
CUST0000957056,0.0
CUST0000956550,0.0
CUST0000956375,0.0
CUST0000956316,1.0
CUST0000956261,0.0
CUST0000955839,0.0
CUST0000955744,0.0
CUST0000955613,0.0
CUST0000955466,1.0
CUST0000955346,1.0
CUST0000954589,0.0
CUST0000954371,0.0
CUST0000953895,1.0
CUST0000953795,0.0
CUST0000953727,0.0
CUST0000953479,0.0
CUST0000953463,0.0
CUST0000953401,1.0
CUST0000953363,0.0
CUST0000953220,0.0
CUST0000953189,1.0
CUST0000952892,1.0
CUST0000952727,0.0
CUST0000952630,1.0
CUST0000952310,0.0
CUST0000952091,0.0
CUST0000951997,0.0
CUST0000951964,0.0
CUST0000951874,0.0
CUST0000951802,0.0
CUST0000951558,0.0
CUST0000951488,1.0
CUST0000951367,0.0
CUST0000951065,0.0
CUST0000950918,0.0
CUST0000950814,1.0
CUST0000950812,0.0
CUST0000950748,0.0
CUST0000950666,0.0
CUST0000950289,0.0
CUST0000950087,0.0
CUST0000949963,0.0
CUST0000949264,0.0
CUST0000949077,1.0
CUST0000949044,0.0
CUST0000948955,0.0
CUST0000948711,1.0
CUST0000948445,0.0
CUST0000948399,1.0
CUST0000948003,1.0
CUST0000947889,0.0
CUST0000947514,0.0
CUST0000947233,0.0
CUST0000947188,0.0
CUST0000947049,0.0
CUST0000947010,0.0
CUST0000946961,1.0
CUST0000946821,0.0
CUST0000946591,0.0
CUST0000945695,0.0
CUST0000945336,0.0
CUST0000945332,0.0
CUST0000944854,1.0
CUST0000944418,0.0
CUST0000944384,0.0
CUST0000944250,1.0
CUST0000944143,1.0
CUST0000944109,1.0
CUST0000943524,0.0
CUST0000943456,0.0
CUST0000942893,1.0
CUST0000942820,0.0
CUST0000942224,1.0
CUST0000941865,0.0
CUST0000941769,0.0
CUST0000941570,1.0
CUST0000941365,0.0
CUST0000941217,0.0
CUST0000940774,1.0
CUST0000940633,0.0
CUST0000940034,0.0
CUST0000938527,1.0
CUST0000938180,0.0
CUST0000937998,0.0
CUST0000937956,1.0
CUST0000937299,0.0
CUST0000936490,1.0
CUST0000936104,0.0
CUST0000935509,0.0
CUST0000935348,0.0
CUST0000935271,0.0
CUST0000934997,1.0
CUST0000934795,0.0
CUST0000934065,0.0
CUST0000934044,0.0
CUST0000933740,0.0
CUST0000933215,0.0
CUST0000933124,1.0
CUST0000932977,1.0
CUST0000932899,0.0
CUST0000932531,0.0
CUST0000932475,1.0
CUST0000932152,0.0
CUST0000931984,0.0
CUST0000931904,0.0
CUST0000931901,0.0
CUST0000931886,0.0
CUST0000931849,0.0
CUST0000930705,0.0
CUST0000930632,1.0
CUST0000930614,0.0
CUST0000930603,1.0
CUST0000930601,0.0
CUST0000930519,0.0
CUST0000930504,0.0
CUST0000930426,0.0
CUST0000930325,0.0
CUST0000930182,0.0
CUST0000930113,0.0
CUST0000930066,0.0
CUST0000930044,1.0
CUST0000929829,1.0
CUST0000929563,0.0
CUST0000928648,0.0
CUST0000928550,0.0
CUST0000928511,1.0
CUST0000928411,0.0
CUST0000928368,1.0
CUST0000928158,1.0
CUST0000928010,1.0
CUST0000928006,1.0
CUST0000927720,0.0
CUST0000927569,0.0
CUST0000927524,0.0
CUST0000927074,0.0
CUST0000926667,0.0
CUST0000926483,1.0
CUST0000926427,0.0
CUST0000926320,1.0
CUST0000926292,0.0
CUST0000926130,0.0
CUST0000925582,1.0
CUST0000925379,0.0
CUST0000925106,0.0
CUST0000925002,0.0
CUST0000924929,0.0
CUST0000924904,0.0
CUST0000924696,0.0
CUST0000923667,0.0
CUST0000923551,0.0
CUST0000923274,1.0
CUST0000922993,0.0
CUST0000922878,0.0
CUST0000921321,0.0
CUST0000920638,0.0
CUST0000920466,0.0
CUST0000920332,0.0
CUST0000920247,0.0
CUST0000920214,0.0
CUST0000919884,1.0
CUST0000919826,0.0
CUST0000919740,1.0
CUST0000919512,0.0
CUST0000919465,0.0
CUST0000919241,0.0
CUST0000918984,0.0
CUST0000918881,0.0
CUST0000918756,1.0
CUST0000918632,1.0
CUST0000918630,0.0
CUST0000918624,0.0
CUST0000918462,0.0
CUST0000918382,1.0
CUST0000918269,1.0
CUST0000918256,0.0
CUST0000918102,0.0
CUST0000918059,0.0
CUST0000918050,0.0
CUST0000917923,0.0
CUST0000917793,0.0
CUST0000917733,0.0
CUST0000917696,0.0
CUST0000917476,0.0
CUST0000917454,0.0
CUST0000916843,1.0
CUST0000916771,0.0
CUST0000916716,0.0
CUST0000916536,0.0
CUST0000916506,1.0
CUST0000916074,1.0
CUST0000915965,0.0
CUST0000915794,0.0
CUST0000915470,0.0
CUST0000915346,0.0
CUST0000915222,0.0
CUST0000915126,0.0
CUST0000915120,0.0
CUST0000914466,1.0
CUST0000914396,0.0
CUST0000914278,1.0
CUST0000914107,0.0
CUST0000913995,0.0
CUST0000913892,0.0
CUST0000913505,0.0
CUST0000913416,1.0
CUST0000913077,0.0
CUST0000912914,1.0
CUST0000912430,0.0
CUST0000912429,0.0
CUST0000912393,1.0
CUST0000912320,1.0
CUST0000912168,0.0
CUST0000912092,0.0
CUST0000912026,1.0
CUST0000912014,0.0
CUST0000912008,0.0
CUST0000911790,0.0
CUST0000911564,0.0
CUST0000911359,0.0
CUST0000910724,1.0
CUST0000910411,0.0
CUST0000910053,1.0
CUST0000909540,0.0
CUST0000909290,0.0
CUST0000908384,0.0
CUST0000908339,0.0
CUST0000907948,0.0
CUST0000907594,0.0
CUST0000907408,1.0
CUST0000907293,1.0
CUST0000906952,0.0
CUST0000906762,1.0
CUST0000906444,1.0
CUST0000905751,0.0
CUST0000905703,0.0
CUST0000905666,0.0
CUST0000905609,0.0
CUST0000905271,0.0
CUST0000905133,0.0
CUST0000905114,0.0
CUST0000904873,0.0
CUST0000904408,0.0
CUST0000904125,0.0
CUST0000903739,0.0
CUST0000903628,1.0
CUST0000903478,1.0
CUST0000903414,0.0
CUST0000903399,0.0
CUST0000903105,0.0
CUST0000902888,0.0
CUST0000902878,0.0
CUST0000902596,0.0
CUST0000902490,0.0
CUST0000902161,0.0
CUST0000901807,0.0
CUST0000901750,1.0
CUST0000901727,0.0
CUST0000901719,0.0
CUST0000901687,0.0
CUST0000901474,1.0
CUST0000901390,0.0
CUST0000901312,0.0
CUST0000901037,1.0
CUST0000901001,0.0
CUST0000900895,1.0
CUST0000900530,0.0
CUST0000900382,0.0
CUST0000899988,0.0
CUST0000899895,1.0
CUST0000899882,0.0
CUST0000899795,0.0
CUST0000899518,0.0
CUST0000899340,0.0
CUST0000899003,0.0
CUST0000898874,0.0
CUST0000898789,1.0
CUST0000898618,0.0
CUST0000898601,0.0
CUST0000898386,0.0
CUST0000898359,1.0
CUST0000898233,0.0
CUST0000897794,0.0
CUST0000897490,0.0
CUST0000897274,0.0
CUST0000897025,0.0
CUST0000896986,0.0
CUST0000896754,0.0
CUST0000896618,0.0
CUST0000896495,0.0
CUST0000896186,0.0
CUST0000896155,1.0
CUST0000896113,0.0
CUST0000896027,1.0
CUST0000895972,0.0
CUST0000895836,0.0
CUST0000894955,0.0
CUST0000894937,1.0
CUST0000894701,0.0
CUST0000894451,1.0
CUST0000894444,0.0
CUST0000894426,1.0
CUST0000894179,1.0
CUST0000894063,0.0
CUST0000894018,1.0
CUST0000893636,0.0
CUST0000893429,1.0
CUST0000893325,0.0
CUST0000892936,0.0
CUST0000892890,0.0
CUST0000892746,0.0
CUST0000892723,0.0
CUST0000892572,1.0
CUST0000892270,0.0
CUST0000892113,0.0
CUST0000892068,0.0
CUST0000891442,0.0
CUST0000891288,1.0
CUST0000891142,0.0
CUST0000891033,1.0
CUST0000890978,0.0
CUST0000890781,1.0
CUST0000890637,0.0
CUST0000890414,0.0
CUST0000890280,0.0
CUST0000889862,1.0
CUST0000889681,0.0
CUST0000889467,0.0
CUST0000889299,1.0
CUST0000889188,1.0
CUST0000888718,0.0
CUST0000888640,0.0
CUST0000888557,1.0
CUST0000888525,1.0
CUST0000888275,1.0
CUST0000888005,0.0
CUST0000887683,0.0
CUST0000887660,1.0
CUST0000887603,1.0
CUST0000887296,0.0
CUST0000887225,0.0
CUST0000887195,0.0
CUST0000886851,0.0
CUST0000886703,1.0
CUST0000886425,0.0
CUST0000886084,0.0
CUST0000885962,0.0
CUST0000885945,0.0
CUST0000885800,0.0
CUST0000885752,0.0
CUST0000885376,0.0
CUST0000885214,0.0
CUST0000885195,0.0
CUST0000884836,0.0
CUST0000884608,1.0
CUST0000884491,1.0
CUST0000884475,0.0
CUST0000884200,0.0
CUST0000883983,0.0
CUST0000883929,0.0
CUST0000883787,0.0
CUST0000883751,0.0
CUST0000883458,1.0
CUST0000883283,0.0
CUST0000883034,0.0
CUST0000882989,0.0
CUST0000882972,0.0
CUST0000882828,1.0
CUST0000882821,0.0
CUST0000882756,0.0
CUST0000882569,0.0
CUST0000882323,1.0
CUST0000881705,1.0
CUST0000881571,1.0
CUST0000881364,0.0
CUST0000880906,0.0
CUST0000880352,0.0
CUST0000880262,1.0
CUST0000880049,0.0
CUST0000879952,0.0
CUST0000879709,1.0
CUST0000879091,1.0
CUST0000878929,0.0
CUST0000878913,0.0
CUST0000878470,0.0
CUST0000878361,0.0
CUST0000878307,1.0
CUST0000878193,0.0
CUST0000877965,0.0
CUST0000877835,1.0
CUST0000877805,0.0
CUST0000877775,0.0
CUST0000877767,0.0
CUST0000876718,0.0
CUST0000876662,0.0
CUST0000876251,0.0
CUST0000876204,1.0
CUST0000876191,0.0
CUST0000875803,0.0
CUST0000875143,0.0
CUST0000874794,0.0
CUST0000874677,0.0
CUST0000874583,0.0
CUST0000874452,1.0
CUST0000874374,1.0
CUST0000874276,0.0
CUST0000874112,0.0
CUST0000874064,0.0
CUST0000873567,0.0
CUST0000873432,0.0
CUST0000873426,0.0
CUST0000873338,0.0
CUST0000873299,0.0
CUST0000873251,0.0
CUST0000873218,1.0
CUST0000873031,0.0
CUST0000873007,1.0
CUST0000872900,0.0
CUST0000872856,0.0
CUST0000872792,0.0
CUST0000872593,1.0
CUST0000872480,0.0
CUST0000872317,0.0
CUST0000872220,0.0
CUST0000872164,0.0
CUST0000872127,1.0
CUST0000871850,0.0
CUST0000871609,0.0
CUST0000871519,0.0
CUST0000871069,1.0
CUST0000870653,0.0
CUST0000870644,0.0
CUST0000869882,0.0
CUST0000869681,1.0
CUST0000869536,0.0
CUST0000869350,1.0
CUST0000868967,0.0
CUST0000868748,0.0
CUST0000868727,0.0
CUST0000868218,1.0
CUST0000867806,0.0
CUST0000867599,0.0
CUST0000867461,0.0
CUST0000867394,0.0
CUST0000867298,1.0
CUST0000867258,1.0
CUST0000866869,0.0
CUST0000866844,0.0
CUST0000866601,0.0
CUST0000865865,0.0
CUST0000865834,0.0
CUST0000865565,0.0
CUST0000865213,0.0
CUST0000865205,1.0
CUST0000865071,1.0
CUST0000865064,1.0
CUST0000864577,1.0
CUST0000864535,0.0
CUST0000864525,0.0
CUST0000864395,0.0
CUST0000864359,0.0
CUST0000864337,0.0
CUST0000864065,0.0
CUST0000863981,0.0
CUST0000863891,0.0
CUST0000863879,0.0
CUST0000863873,0.0
CUST0000863656,0.0
CUST0000863169,0.0
CUST0000863167,1.0
CUST0000863076,0.0
CUST0000862696,1.0
CUST0000862670,0.0
CUST0000862571,0.0
CUST0000862237,0.0
CUST0000862202,0.0
CUST0000862094,0.0
CUST0000861965,1.0
CUST0000861880,1.0
CUST0000861816,0.0
CUST0000861794,1.0
CUST0000861555,0.0
CUST0000861461,0.0
CUST0000861456,0.0
CUST0000861374,0.0
CUST0000861358,0.0
CUST0000861304,0.0
CUST0000861189,0.0
CUST0000860999,0.0
CUST0000860875,0.0
CUST0000860835,1.0
CUST0000860648,0.0
CUST0000860136,0.0
CUST0000860135,1.0
CUST0000859516,0.0
CUST0000859492,1.0
CUST0000859206,0.0
CUST0000859140,0.0
CUST0000858529,0.0
CUST0000858503,0.0
CUST0000858321,0.0
CUST0000857923,1.0
CUST0000857815,1.0
CUST0000857793,1.0
CUST0000857328,1.0
CUST0000856838,0.0
CUST0000856617,0.0
CUST0000856477,1.0
CUST0000856458,1.0
CUST0000856447,0.0
CUST0000856398,0.0
CUST0000856322,0.0
CUST0000856241,1.0
CUST0000855939,0.0
CUST0000855770,0.0
CUST0000855714,0.0
CUST0000855240,0.0
CUST0000855087,0.0
CUST0000855054,0.0
CUST0000854437,1.0
CUST0000854324,0.0
CUST0000853933,0.0
CUST0000853841,0.0
CUST0000853563,0.0
CUST0000853429,0.0
CUST0000853281,0.0
CUST0000853197,0.0
CUST0000853046,0.0
CUST0000852398,1.0
CUST0000852365,0.0
CUST0000852161,0.0
CUST0000851982,0.0
CUST0000851905,0.0
CUST0000851860,0.0
CUST0000851830,0.0
CUST0000851370,0.0
CUST0000850673,0.0
CUST0000850666,0.0
CUST0000850628,1.0
CUST0000850267,1.0
CUST0000849738,0.0
CUST0000849576,0.0
CUST0000848953,0.0
CUST0000848908,0.0
CUST0000848715,1.0
CUST0000848525,0.0
CUST0000848476,1.0
CUST0000848462,0.0
CUST0000848260,1.0
CUST0000848123,0.0
CUST0000848021,0.0
CUST0000847695,0.0
CUST0000847593,0.0
CUST0000847557,0.0
CUST0000847458,0.0
CUST0000846938,0.0
CUST0000846460,0.0
CUST0000846201,0.0
CUST0000846163,0.0
CUST0000846113,0.0
CUST0000846079,0.0
CUST0000845893,0.0
CUST0000845855,0.0
CUST0000845331,1.0
CUST0000845098,1.0
CUST0000845052,1.0
CUST0000844759,0.0
CUST0000844724,0.0
CUST0000844556,1.0
CUST0000844192,1.0
CUST0000844115,0.0
CUST0000843968,1.0
CUST0000843789,1.0
CUST0000843768,0.0
CUST0000843677,0.0
CUST0000843662,0.0
CUST0000843554,0.0
CUST0000843286,0.0
CUST0000843133,1.0
CUST0000843130,0.0
CUST0000843047,1.0
CUST0000843006,0.0
CUST0000842436,1.0
CUST0000842172,1.0
CUST0000842003,0.0
CUST0000841880,0.0
CUST0000841684,0.0
CUST0000841576,0.0
CUST0000841571,0.0
CUST0000841531,1.0
CUST0000841039,0.0
CUST0000840789,0.0
CUST0000840518,0.0
CUST0000840471,1.0
CUST0000840438,0.0
CUST0000840360,0.0
CUST0000840344,0.0
CUST0000840138,0.0
CUST0000840136,0.0
CUST0000839847,0.0
CUST0000839736,0.0
CUST0000839302,1.0
CUST0000838538,0.0
CUST0000838258,0.0
CUST0000838231,0.0
CUST0000838103,0.0
CUST0000837423,0.0
CUST0000837409,0.0
CUST0000837178,1.0
CUST0000837146,0.0
CUST0000836708,1.0
CUST0000836537,1.0
CUST0000836503,0.0
CUST0000836042,0.0
CUST0000836007,0.0
CUST0000835845,0.0
CUST0000835723,0.0
CUST0000835716,0.0
CUST0000835673,0.0
CUST0000835559,0.0
CUST0000835400,1.0
CUST0000835390,0.0
CUST0000835270,0.0
CUST0000835203,1.0
CUST0000834937,0.0
CUST0000834512,0.0
CUST0000834203,0.0
CUST0000834066,0.0
CUST0000834065,0.0
CUST0000834029,0.0
CUST0000833853,0.0
CUST0000833729,0.0
CUST0000832979,0.0
CUST0000832937,0.0
CUST0000832827,1.0
CUST0000832345,1.0
CUST0000832339,0.0
CUST0000832283,0.0
CUST0000832277,0.0
CUST0000831705,0.0
CUST0000831162,0.0
CUST0000831085,0.0
CUST0000830969,0.0
CUST0000830529,0.0
CUST0000830456,1.0
CUST0000830424,0.0
CUST0000830044,0.0
CUST0000829489,0.0
CUST0000829333,0.0
CUST0000829233,1.0
CUST0000828846,0.0
CUST0000828166,0.0
CUST0000828036,0.0
CUST0000828022,0.0
CUST0000827922,0.0
CUST0000827856,1.0
CUST0000827846,0.0
CUST0000827750,0.0
CUST0000827586,0.0
CUST0000827575,1.0
CUST0000827417,1.0
CUST0000827111,1.0
CUST0000827064,0.0
CUST0000826996,1.0
CUST0000826238,1.0
CUST0000826229,1.0
CUST0000826107,0.0
CUST0000825713,0.0
CUST0000825584,0.0
CUST0000824998,0.0
CUST0000824986,1.0
CUST0000824641,0.0
CUST0000824456,1.0
CUST0000824453,0.0
CUST0000824333,1.0
CUST0000823558,0.0
CUST0000823257,0.0
CUST0000822648,1.0
CUST0000822549,0.0
CUST0000822468,0.0
CUST0000822402,0.0
CUST0000822356,0.0
CUST0000822341,0.0
CUST0000822315,0.0
CUST0000822088,0.0
CUST0000822085,0.0
CUST0000821622,0.0
CUST0000821330,0.0
CUST0000821327,1.0
CUST0000820448,1.0
CUST0000820341,1.0
CUST0000820324,0.0
CUST0000820186,1.0
CUST0000820108,0.0
CUST0000819500,1.0
CUST0000819195,1.0
CUST0000819101,1.0
CUST0000818932,0.0
CUST0000818812,0.0
CUST0000818250,0.0
CUST0000818165,0.0
CUST0000817991,0.0
CUST0000817685,1.0
CUST0000817461,1.0
CUST0000817425,0.0
CUST0000817281,0.0
CUST0000817082,0.0
CUST0000817002,0.0
CUST0000816722,0.0
CUST0000816691,0.0
CUST0000816644,1.0
CUST0000816474,0.0
CUST0000816240,0.0
CUST0000816127,1.0
CUST0000816072,0.0
CUST0000815839,1.0
CUST0000815801,0.0
CUST0000815647,1.0
CUST0000815318,0.0
CUST0000815118,0.0
CUST0000814921,1.0
CUST0000814766,0.0
CUST0000814656,0.0
CUST0000813956,0.0
CUST0000813604,0.0
CUST0000813194,0.0
CUST0000813108,0.0
CUST0000813105,1.0
CUST0000812909,0.0
CUST0000812640,1.0
CUST0000812379,0.0
CUST0000812179,0.0
CUST0000812150,1.0
CUST0000812101,0.0
CUST0000811661,0.0
CUST0000811618,0.0
CUST0000810784,0.0
CUST0000810379,1.0
CUST0000810116,1.0
CUST0000809886,0.0
CUST0000809677,1.0
CUST0000809605,0.0
CUST0000808884,0.0
CUST0000808639,0.0
CUST0000808474,0.0
CUST0000808290,0.0
CUST0000808041,0.0
CUST0000807919,0.0
CUST0000807896,0.0
CUST0000807441,0.0
CUST0000807319,1.0
CUST0000807225,0.0
CUST0000807176,0.0
CUST0000806551,0.0
CUST0000806489,0.0
CUST0000806331,0.0
CUST0000806277,1.0
CUST0000805980,1.0
CUST0000805881,0.0
CUST0000805786,0.0
CUST0000805724,1.0
CUST0000805651,0.0
CUST0000805536,1.0
CUST0000805533,0.0
CUST0000805509,0.0
CUST0000805211,0.0
CUST0000805188,0.0
CUST0000805089,0.0
CUST0000804925,0.0
CUST0000804675,0.0
CUST0000804462,0.0
CUST0000804275,0.0
CUST0000803214,1.0
CUST0000803113,0.0
CUST0000803106,0.0
CUST0000803065,0.0
CUST0000803009,0.0
CUST0000802910,0.0
CUST0000802534,0.0
CUST0000802332,1.0
CUST0000801895,0.0
CUST0000801309,1.0
CUST0000800630,1.0
CUST0000800342,0.0
CUST0000800320,0.0
CUST0000800237,0.0
CUST0000799807,0.0
CUST0000799729,1.0
CUST0000798970,1.0
CUST0000798688,0.0
CUST0000798179,0.0
CUST0000797981,0.0
CUST0000797755,0.0
CUST0000797753,0.0
CUST0000797664,0.0
CUST0000797294,1.0
CUST0000797094,0.0
CUST0000797024,0.0
CUST0000796363,0.0
CUST0000796287,0.0
CUST0000796175,1.0
CUST0000796072,0.0
CUST0000795954,0.0
CUST0000795922,1.0
CUST0000795550,0.0
CUST0000795313,0.0
CUST0000794930,0.0
CUST0000794814,0.0
CUST0000794797,0.0
CUST0000794762,1.0
CUST0000794691,0.0
CUST0000794432,0.0
CUST0000794394,0.0
CUST0000794349,0.0
CUST0000793613,1.0
CUST0000793540,0.0
CUST0000793465,0.0
CUST0000793321,0.0
CUST0000793310,0.0
CUST0000793281,0.0
CUST0000793074,0.0
CUST0000792811,0.0
CUST0000792272,0.0
CUST0000792017,1.0
CUST0000791687,0.0
CUST0000791300,1.0
CUST0000790937,0.0
CUST0000790691,0.0
CUST0000790651,1.0
CUST0000789574,0.0
CUST0000789469,1.0
CUST0000789114,0.0
CUST0000789075,0.0
CUST0000788910,1.0
CUST0000788668,0.0
CUST0000788616,0.0
CUST0000788532,0.0
CUST0000788459,1.0
CUST0000788315,1.0
CUST0000788111,0.0
CUST0000788031,1.0
CUST0000787661,0.0
CUST0000787465,0.0
CUST0000787337,0.0
CUST0000787270,1.0
CUST0000787129,0.0
CUST0000787036,0.0
CUST0000786966,0.0
CUST0000786778,0.0
CUST0000786608,0.0
CUST0000786243,0.0
CUST0000785984,0.0
CUST0000785789,0.0
CUST0000785769,0.0
CUST0000785611,0.0
CUST0000785583,0.0
CUST0000785478,0.0
CUST0000785475,0.0
CUST0000785369,1.0
CUST0000785295,0.0
CUST0000785166,1.0
CUST0000784973,0.0
CUST0000784547,0.0
CUST0000784376,1.0
CUST0000784298,0.0
CUST0000784166,0.0
CUST0000784006,0.0
CUST0000784004,0.0
CUST0000783946,0.0
CUST0000783429,0.0
CUST0000783073,0.0
CUST0000782631,0.0
CUST0000782600,0.0
CUST0000782392,1.0
CUST0000782307,1.0
CUST0000782246,0.0
CUST0000782062,0.0
CUST0000781911,1.0
CUST0000781826,0.0
CUST0000781259,0.0
CUST0000781190,0.0
CUST0000781005,0.0
CUST0000780958,0.0
CUST0000780880,0.0
CUST0000780835,0.0
CUST0000780822,1.0
CUST0000780652,0.0
CUST0000780587,1.0
CUST0000780442,1.0
CUST0000780146,0.0
CUST0000780100,0.0
CUST0000779956,0.0
CUST0000779812,0.0
CUST0000778224,0.0
CUST0000778176,1.0
CUST0000777842,0.0
CUST0000777787,1.0
CUST0000777734,0.0
CUST0000777454,0.0
CUST0000777452,0.0
CUST0000777126,0.0
CUST0000776916,0.0
CUST0000776591,0.0
CUST0000776575,0.0
CUST0000776361,1.0
CUST0000776226,0.0
CUST0000776068,0.0
CUST0000776056,0.0
CUST0000775922,0.0
CUST0000775362,0.0
CUST0000775212,0.0
CUST0000774988,1.0
CUST0000774924,0.0
CUST0000774006,0.0
CUST0000773721,0.0
CUST0000773381,0.0
CUST0000773129,1.0
CUST0000772661,0.0
CUST0000772617,0.0
CUST0000772608,0.0
CUST0000772385,1.0
CUST0000772370,0.0
CUST0000772274,0.0
CUST0000772017,1.0
CUST0000771758,0.0
CUST0000771531,0.0
CUST0000771292,1.0
CUST0000770451,0.0
CUST0000770036,0.0
CUST0000769692,0.0
CUST0000769276,1.0
CUST0000768676,1.0
CUST0000768576,1.0
CUST0000768513,1.0
CUST0000768393,0.0
CUST0000768294,0.0
CUST0000767888,0.0
CUST0000767872,0.0
CUST0000767525,0.0
CUST0000767429,1.0
CUST0000767319,1.0
CUST0000767293,1.0
CUST0000767244,0.0
CUST0000767153,1.0
CUST0000767141,0.0
CUST0000767090,1.0
CUST0000766908,0.0
CUST0000766744,0.0
CUST0000766418,1.0
CUST0000766193,0.0
CUST0000766169,0.0
CUST0000766155,0.0
CUST0000765740,0.0
CUST0000765723,0.0
CUST0000765586,0.0
CUST0000764768,0.0
CUST0000764520,0.0
CUST0000764276,0.0
CUST0000764077,0.0
CUST0000763704,1.0
CUST0000763659,0.0
CUST0000763608,0.0
CUST0000763358,0.0
CUST0000763129,0.0
CUST0000763030,0.0
CUST0000762907,0.0
CUST0000762902,1.0
CUST0000762485,0.0
CUST0000762118,0.0
CUST0000762076,0.0
CUST0000761936,1.0
CUST0000761811,0.0
CUST0000761326,0.0
CUST0000761005,0.0
CUST0000760937,0.0
CUST0000760924,1.0
CUST0000760909,1.0
CUST0000760869,1.0
CUST0000760764,1.0
CUST0000760686,1.0
CUST0000760436,0.0
CUST0000760393,0.0
CUST0000760115,0.0
CUST0000759949,0.0
CUST0000759943,0.0
CUST0000759792,0.0
CUST0000759771,0.0
CUST0000759622,0.0
CUST0000759603,1.0
CUST0000759545,0.0
CUST0000759306,1.0
CUST0000759041,1.0
CUST0000758911,0.0
CUST0000758801,1.0
CUST0000758403,0.0
CUST0000758238,0.0
CUST0000758105,0.0
CUST0000757582,0.0
CUST0000757371,0.0
CUST0000757309,0.0
CUST0000757252,1.0
CUST0000757203,0.0
CUST0000756805,0.0
CUST0000756732,1.0
CUST0000756628,0.0
CUST0000756203,1.0
CUST0000756098,0.0
CUST0000755734,0.0
CUST0000755583,0.0
CUST0000755563,1.0
CUST0000754753,0.0
CUST0000754664,0.0
CUST0000754655,0.0
CUST0000754299,1.0
CUST0000753950,1.0
CUST0000753818,0.0
CUST0000753729,0.0
CUST0000753421,1.0
CUST0000753352,0.0
CUST0000753263,0.0
CUST0000752951,0.0
CUST0000752874,0.0
CUST0000752715,0.0
CUST0000752545,1.0
CUST0000752500,0.0
CUST0000752305,0.0
CUST0000752292,0.0
CUST0000751821,0.0
CUST0000751452,1.0
CUST0000751357,0.0
CUST0000750925,1.0
CUST0000750549,0.0
CUST0000750072,0.0
CUST0000749956,0.0
CUST0000749264,0.0
CUST0000749213,0.0
CUST0000749091,0.0
CUST0000748686,1.0
CUST0000748625,0.0
CUST0000748260,1.0
CUST0000747752,0.0
CUST0000747426,0.0
CUST0000747344,0.0
CUST0000746862,1.0
CUST0000746809,1.0
CUST0000746630,0.0
CUST0000746502,0.0
CUST0000746359,0.0
CUST0000746315,0.0
CUST0000746234,0.0
CUST0000746165,0.0
CUST0000745995,1.0
CUST0000745988,1.0
CUST0000745452,1.0
CUST0000745119,1.0
CUST0000744976,0.0
CUST0000744925,0.0
CUST0000744854,0.0
CUST0000744787,0.0
CUST0000744653,0.0
CUST0000744645,0.0
CUST0000744624,0.0
CUST0000744587,0.0
CUST0000744571,0.0
CUST0000744374,0.0
CUST0000744271,0.0
CUST0000744050,0.0
CUST0000744032,1.0
CUST0000743676,0.0
CUST0000742968,0.0
CUST0000742753,1.0
CUST0000742196,0.0
CUST0000741966,1.0
CUST0000741801,0.0
CUST0000741765,0.0
CUST0000741685,1.0
CUST0000741361,1.0
CUST0000741274,0.0
CUST0000741224,0.0
CUST0000741143,0.0
CUST0000740863,1.0
CUST0000740845,0.0
CUST0000740844,1.0
CUST0000740535,1.0
CUST0000740133,0.0
CUST0000740028,0.0
CUST0000739370,0.0
CUST0000739208,0.0
CUST0000738183,1.0
CUST0000738098,0.0
CUST0000738078,1.0
CUST0000737915,0.0
CUST0000737688,0.0
CUST0000737373,0.0
CUST0000737314,1.0
CUST0000737119,0.0
CUST0000736933,1.0
CUST0000736409,1.0
CUST0000736259,0.0
CUST0000735801,1.0
CUST0000735706,0.0
CUST0000735379,0.0
CUST0000735077,0.0
CUST0000734885,0.0
CUST0000734827,0.0
CUST0000734637,1.0
CUST0000734554,1.0
CUST0000734039,0.0
CUST0000734005,0.0
CUST0000733897,0.0
CUST0000733828,0.0
CUST0000733822,0.0
CUST0000733209,0.0
CUST0000733029,0.0
CUST0000732985,1.0
CUST0000732836,0.0
CUST0000732461,1.0
CUST0000732049,1.0
CUST0000731762,0.0
CUST0000731413,0.0
CUST0000731373,0.0
CUST0000730815,1.0
CUST0000730614,0.0
CUST0000730479,0.0
CUST0000730476,0.0
CUST0000730395,1.0
CUST0000730353,0.0
CUST0000730320,1.0
CUST0000730199,0.0
CUST0000730173,1.0
CUST0000730021,0.0
CUST0000729898,0.0
CUST0000729516,1.0
CUST0000729397,0.0
CUST0000729097,0.0
CUST0000729056,0.0
CUST0000728979,1.0
CUST0000728918,0.0
CUST0000728882,1.0
CUST0000728841,1.0
CUST0000728760,0.0
CUST0000728571,0.0
CUST0000728277,0.0
CUST0000728164,0.0
CUST0000728097,0.0
CUST0000727862,0.0
CUST0000727833,0.0
CUST0000727779,0.0
CUST0000727215,0.0
CUST0000727182,0.0
CUST0000726971,1.0
CUST0000726888,0.0
CUST0000726635,1.0
CUST0000726543,0.0
CUST0000726483,1.0
CUST0000726362,0.0
CUST0000726295,0.0
CUST0000725725,0.0
CUST0000725670,0.0
CUST0000725592,0.0
CUST0000725494,0.0
CUST0000725482,1.0
CUST0000725480,0.0
CUST0000725392,1.0
CUST0000725068,0.0
CUST0000724998,0.0
CUST0000724854,0.0
CUST0000724424,0.0
CUST0000724406,0.0
CUST0000724321,0.0
CUST0000724208,0.0
CUST0000724205,0.0
CUST0000724190,0.0
CUST0000723580,0.0
CUST0000723002,0.0
CUST0000722982,0.0
CUST0000722945,0.0
CUST0000722790,0.0
CUST0000722574,1.0
CUST0000722390,1.0
CUST0000722230,0.0
CUST0000722023,1.0
CUST0000721930,0.0
CUST0000721845,0.0
CUST0000721663,1.0
CUST0000721354,0.0
CUST0000721310,1.0
CUST0000721005,0.0
CUST0000720813,1.0
CUST0000720755,1.0
CUST0000720371,0.0
CUST0000720348,0.0
CUST0000720080,0.0
CUST0000719941,1.0
CUST0000719710,1.0
CUST0000719553,0.0
CUST0000719018,1.0
CUST0000718427,0.0
CUST0000717840,0.0
CUST0000717763,0.0
CUST0000717649,1.0
CUST0000717641,1.0
CUST0000717402,0.0
CUST0000717372,1.0
CUST0000717337,0.0
CUST0000717077,0.0
CUST0000716624,0.0
CUST0000716427,1.0
CUST0000716219,1.0
CUST0000715676,0.0
CUST0000715467,0.0
CUST0000715380,1.0
CUST0000715087,1.0
CUST0000715047,1.0
CUST0000715014,1.0
CUST0000714746,0.0
CUST0000714601,1.0
CUST0000714492,1.0
CUST0000714089,0.0
CUST0000713934,0.0
CUST0000713877,0.0
CUST0000713874,0.0
CUST0000713789,1.0
CUST0000713486,0.0
CUST0000713315,0.0
CUST0000713144,0.0
CUST0000713129,1.0
CUST0000713060,0.0
CUST0000712948,0.0
CUST0000712923,0.0
CUST0000712379,1.0
CUST0000712188,0.0
CUST0000711881,0.0
CUST0000711788,0.0
CUST0000711734,1.0
CUST0000711617,0.0
CUST0000711368,1.0
CUST0000711167,0.0
CUST0000711122,1.0
CUST0000710499,0.0
CUST0000710421,0.0
CUST0000709956,0.0
CUST0000709525,0.0
CUST0000709486,0.0
CUST0000708813,0.0
CUST0000708744,1.0
CUST0000708739,0.0
CUST0000708714,0.0
CUST0000708577,0.0
CUST0000708550,0.0
CUST0000708142,1.0
CUST0000708140,1.0
CUST0000707905,1.0
CUST0000707875,0.0
CUST0000707770,0.0
CUST0000707701,1.0
CUST0000707560,0.0
CUST0000707553,0.0
CUST0000706915,0.0
CUST0000706303,1.0
CUST0000706178,0.0
CUST0000705963,0.0
CUST0000705880,0.0
CUST0000705865,1.0
CUST0000705251,0.0
CUST0000705250,0.0
CUST0000705186,1.0
CUST0000704073,1.0
CUST0000703822,0.0
CUST0000703687,0.0
CUST0000703444,0.0
CUST0000703259,0.0
CUST0000703243,0.0
CUST0000702039,1.0
CUST0000701700,0.0
CUST0000701603,0.0
CUST0000701483,0.0
CUST0000701172,0.0
CUST0000701142,0.0
CUST0000700591,1.0
CUST0000700288,1.0
CUST0000700137,0.0
CUST0000699850,0.0
CUST0000699742,0.0
CUST0000699414,0.0
CUST0000699367,0.0
CUST0000699276,0.0
CUST0000699237,1.0
CUST0000699050,0.0
CUST0000698870,0.0
CUST0000698770,0.0
CUST0000698395,0.0
CUST0000698369,0.0
CUST0000698121,0.0
CUST0000697945,0.0
CUST0000697836,0.0
CUST0000697528,0.0
CUST0000697443,0.0
CUST0000697356,0.0
CUST0000697309,1.0
CUST0000697113,0.0
CUST0000697061,0.0
CUST0000696947,0.0
CUST0000696851,0.0
CUST0000696692,0.0
CUST0000696106,0.0
CUST0000695535,0.0
CUST0000695418,0.0
CUST0000695407,0.0
CUST0000695341,0.0
CUST0000694962,0.0
CUST0000694871,1.0
CUST0000694856,0.0
CUST0000694841,1.0
CUST0000694395,0.0
CUST0000694372,0.0
CUST0000694366,0.0
CUST0000694237,0.0
CUST0000693928,0.0
CUST0000693737,0.0
CUST0000693465,0.0
CUST0000693463,0.0
CUST0000693232,1.0
CUST0000693113,0.0
CUST0000693014,0.0
CUST0000692984,0.0
CUST0000692687,0.0
CUST0000692661,0.0
CUST0000692485,0.0
CUST0000692260,0.0
CUST0000692088,0.0
CUST0000692058,0.0
CUST0000692015,0.0
CUST0000691334,0.0
CUST0000691264,0.0
CUST0000691049,1.0
CUST0000691024,1.0
CUST0000690958,0.0
CUST0000690721,0.0
CUST0000690650,0.0
CUST0000690481,0.0
CUST0000690457,0.0
CUST0000690430,0.0
CUST0000690291,0.0
CUST0000690034,0.0
CUST0000689944,1.0
CUST0000689905,0.0
CUST0000689800,0.0
CUST0000689627,0.0
CUST0000689445,1.0
CUST0000689293,0.0
CUST0000689173,1.0
CUST0000688872,0.0
CUST0000688867,0.0
CUST0000688474,1.0
CUST0000688346,0.0
CUST0000687859,0.0
CUST0000687717,0.0
CUST0000687529,0.0
CUST0000687290,0.0
CUST0000687099,0.0
CUST0000687089,0.0
CUST0000687027,0.0
CUST0000686580,0.0
CUST0000686158,0.0
CUST0000686045,1.0
CUST0000685886,0.0
CUST0000685699,0.0
CUST0000684800,0.0
CUST0000684627,0.0
CUST0000684245,1.0
CUST0000684188,1.0
CUST0000683937,0.0
CUST0000683624,0.0
CUST0000683554,0.0
CUST0000682771,0.0
CUST0000682663,1.0
CUST0000682462,0.0
CUST0000682212,0.0
CUST0000682138,1.0
CUST0000682120,0.0
CUST0000682110,1.0
CUST0000681997,0.0
CUST0000681735,0.0
CUST0000681227,0.0
CUST0000681047,0.0
CUST0000680983,0.0
CUST0000680972,0.0
CUST0000680928,0.0
CUST0000680694,0.0
CUST0000680689,0.0
CUST0000680311,0.0
CUST0000680051,0.0
CUST0000679894,0.0
CUST0000679829,0.0
CUST0000679706,0.0
CUST0000679415,0.0
CUST0000679226,0.0
CUST0000678391,0.0
CUST0000678300,1.0
CUST0000678277,0.0
CUST0000678184,0.0
CUST0000677532,0.0
CUST0000677440,0.0
CUST0000677237,0.0
CUST0000677070,0.0
CUST0000676995,0.0
CUST0000676746,0.0
CUST0000676446,0.0
CUST0000676167,0.0
CUST0000675844,0.0
CUST0000675797,0.0
CUST0000675272,0.0
CUST0000674832,0.0
CUST0000674767,0.0
CUST0000674372,1.0
CUST0000674288,0.0
CUST0000673939,1.0
CUST0000673744,1.0
CUST0000673736,0.0
CUST0000673256,0.0
CUST0000673197,0.0
CUST0000673133,1.0
CUST0000673066,0.0
CUST0000672930,1.0
CUST0000672665,0.0
CUST0000672612,0.0
CUST0000672560,1.0
CUST0000672497,0.0
CUST0000672316,0.0
CUST0000672263,0.0
CUST0000672261,0.0
CUST0000671743,0.0
CUST0000671253,0.0
CUST0000671159,1.0
CUST0000671085,0.0
CUST0000670740,1.0
CUST0000670736,0.0
CUST0000670676,0.0
CUST0000670651,0.0
CUST0000670504,0.0
CUST0000670207,0.0
CUST0000670191,0.0
CUST0000670118,0.0
CUST0000670072,0.0
CUST0000669802,0.0
CUST0000669669,1.0
CUST0000669277,0.0
CUST0000669138,0.0
CUST0000668892,0.0
CUST0000668226,1.0
CUST0000668209,0.0
CUST0000667758,0.0
CUST0000667692,0.0
CUST0000667131,0.0
CUST0000666447,0.0
CUST0000666276,0.0
CUST0000666129,1.0
CUST0000665935,0.0
CUST0000665835,0.0
CUST0000665542,0.0
CUST0000665484,0.0
CUST0000665227,0.0
CUST0000665049,0.0
CUST0000665019,0.0
CUST0000664935,0.0
CUST0000664767,0.0
CUST0000664457,1.0
CUST0000664278,0.0
CUST0000664070,0.0
CUST0000663881,0.0
CUST0000663137,1.0
CUST0000662970,0.0
CUST0000662876,0.0
CUST0000662729,0.0
CUST0000662710,1.0
CUST0000661833,0.0
CUST0000661598,0.0
CUST0000660742,0.0
CUST0000660590,0.0
CUST0000659863,0.0
CUST0000659723,0.0
CUST0000659646,0.0
CUST0000659515,0.0
CUST0000659351,0.0
CUST0000659009,0.0
CUST0000658739,0.0
CUST0000658589,0.0
CUST0000658490,0.0
CUST0000658225,0.0
CUST0000658002,1.0
CUST0000657924,0.0
CUST0000657439,0.0
CUST0000657423,0.0
CUST0000657173,1.0
CUST0000657147,1.0
CUST0000656926,0.0
CUST0000656750,0.0
CUST0000656457,0.0
CUST0000656319,0.0
CUST0000656130,0.0
CUST0000655620,0.0
CUST0000655617,0.0
CUST0000655517,0.0
CUST0000655437,0.0
CUST0000655152,1.0
CUST0000655015,0.0
CUST0000654951,0.0
CUST0000654686,0.0
CUST0000654492,0.0
CUST0000654184,0.0
CUST0000654095,0.0
CUST0000654017,0.0
CUST0000653545,0.0
CUST0000653413,0.0
CUST0000653101,0.0
CUST0000652788,0.0
CUST0000652656,1.0
CUST0000652579,0.0
CUST0000652578,0.0
CUST0000652173,0.0
CUST0000651826,0.0
CUST0000651261,0.0
CUST0000651171,0.0
CUST0000650810,0.0
CUST0000650784,0.0
CUST0000650760,1.0
CUST0000650723,1.0
CUST0000650694,0.0
CUST0000650512,0.0
CUST0000650255,0.0
CUST0000650230,0.0
CUST0000650053,0.0
CUST0000649759,0.0
CUST0000649480,0.0
CUST0000648788,0.0
CUST0000648598,0.0
CUST0000648398,0.0
CUST0000648182,0.0
CUST0000647993,1.0
CUST0000647649,0.0
CUST0000647381,0.0
CUST0000647281,0.0
CUST0000647120,0.0
CUST0000647016,0.0
CUST0000647002,0.0
CUST0000647000,0.0
CUST0000646899,0.0
CUST0000646796,0.0
CUST0000646782,0.0
CUST0000646727,0.0
CUST0000646413,0.0
CUST0000646404,0.0
CUST0000646402,0.0
CUST0000646378,0.0
CUST0000645774,0.0
CUST0000645743,1.0
CUST0000645660,0.0
CUST0000645503,1.0
CUST0000645292,0.0
CUST0000645135,0.0
CUST0000644927,0.0
CUST0000644632,0.0
CUST0000644552,1.0
CUST0000644550,0.0
CUST0000644243,0.0
CUST0000644004,0.0
CUST0000643960,1.0
CUST0000643482,0.0
CUST0000643423,1.0
CUST0000643410,0.0
CUST0000643225,0.0
CUST0000643107,0.0
CUST0000643095,0.0
CUST0000643072,0.0
CUST0000643023,1.0
CUST0000642749,0.0
CUST0000642691,1.0
CUST0000642605,0.0
CUST0000642489,0.0
CUST0000642434,0.0
CUST0000642242,0.0
CUST0000642103,0.0
CUST0000642033,1.0
CUST0000642022,0.0
CUST0000641644,1.0
CUST0000641510,0.0
CUST0000641059,0.0
CUST0000640695,0.0
CUST0000640304,0.0
CUST0000640297,0.0
CUST0000640214,0.0
CUST0000640095,0.0
CUST0000640069,0.0
CUST0000639926,0.0
CUST0000639696,1.0
CUST0000639530,0.0
CUST0000639430,0.0
CUST0000639274,0.0
CUST0000639245,0.0
CUST0000639103,0.0
CUST0000638765,1.0
CUST0000638750,1.0
CUST0000638436,0.0
CUST0000638188,1.0
CUST0000637775,1.0
CUST0000637566,0.0
CUST0000637538,1.0
CUST0000637466,0.0
CUST0000637084,0.0
CUST0000636345,0.0
CUST0000636231,0.0
CUST0000635984,0.0
CUST0000635526,0.0
CUST0000635153,0.0
CUST0000635024,0.0
CUST0000634919,0.0
CUST0000634784,0.0
CUST0000634693,0.0
CUST0000634671,0.0
CUST0000634199,0.0
CUST0000633868,0.0
CUST0000633837,1.0
CUST0000633483,0.0
CUST0000633460,0.0
CUST0000633407,0.0
CUST0000633360,1.0
CUST0000633336,0.0
CUST0000633060,1.0
CUST0000632761,0.0
CUST0000632050,0.0
CUST0000631856,0.0
CUST0000631798,0.0
CUST0000631712,0.0
CUST0000631445,0.0
CUST0000631020,0.0
CUST0000629791,1.0
CUST0000629728,0.0
CUST0000629704,0.0
CUST0000629569,0.0
CUST0000629332,0.0
CUST0000629003,0.0
CUST0000628932,1.0
CUST0000628773,0.0
CUST0000628705,0.0
CUST0000628533,0.0
CUST0000628301,1.0
CUST0000628056,0.0
CUST0000627983,0.0
CUST0000627626,0.0
CUST0000626899,0.0
CUST0000626587,1.0
CUST0000625641,1.0
CUST0000625484,0.0
CUST0000624980,1.0
CUST0000624842,0.0
CUST0000624683,0.0
CUST0000624170,0.0
CUST0000623970,1.0
CUST0000623801,0.0
CUST0000623415,0.0
CUST0000623394,0.0
CUST0000623303,0.0
CUST0000623087,0.0
CUST0000622978,1.0
CUST0000622665,0.0
CUST0000622531,0.0
CUST0000622126,0.0
CUST0000621860,0.0
CUST0000621772,0.0
CUST0000621694,0.0
CUST0000621445,0.0
CUST0000620929,0.0
CUST0000620921,1.0
CUST0000620867,0.0
CUST0000620786,0.0
CUST0000620656,0.0
CUST0000620533,0.0
CUST0000620170,1.0
CUST0000620035,0.0
CUST0000619787,0.0
CUST0000619072,0.0
CUST0000619031,1.0
CUST0000619015,1.0
CUST0000618985,0.0
CUST0000618910,0.0
CUST0000618726,1.0
CUST0000618541,1.0
CUST0000618279,0.0
CUST0000618249,1.0
CUST0000617762,1.0
CUST0000616718,0.0
CUST0000616695,0.0
CUST0000616650,0.0
CUST0000616432,1.0
CUST0000616267,0.0
CUST0000615829,0.0
CUST0000615814,0.0
CUST0000615362,0.0
CUST0000615196,0.0
CUST0000614846,0.0
CUST0000614343,0.0
CUST0000614278,0.0
CUST0000614175,0.0
CUST0000614041,1.0
CUST0000613769,0.0
CUST0000613659,1.0
CUST0000613502,0.0
CUST0000613366,0.0
CUST0000613005,1.0
CUST0000612909,0.0
CUST0000612602,0.0
CUST0000612498,0.0
CUST0000612480,1.0
CUST0000612371,0.0
CUST0000612267,0.0
CUST0000612210,0.0
CUST0000611953,0.0
CUST0000611895,0.0
CUST0000611821,0.0
CUST0000611695,1.0
CUST0000611481,0.0
CUST0000611296,0.0
CUST0000611134,0.0
CUST0000611042,1.0
CUST0000611030,0.0
CUST0000610945,1.0
CUST0000610674,0.0
CUST0000610595,0.0
CUST0000610573,0.0
CUST0000610428,0.0
CUST0000610382,0.0
CUST0000610284,0.0
CUST0000610089,0.0
CUST0000610012,1.0
CUST0000609675,0.0
CUST0000609569,0.0
CUST0000609421,0.0
CUST0000609232,0.0
CUST0000608663,1.0
CUST0000608620,0.0
CUST0000608511,0.0
CUST0000608508,0.0
CUST0000607766,0.0
CUST0000607616,0.0
CUST0000607068,1.0
CUST0000606858,0.0
CUST0000606400,0.0
CUST0000606154,1.0
CUST0000605952,1.0
CUST0000605708,0.0
CUST0000605594,0.0
CUST0000605341,0.0
CUST0000605174,0.0
CUST0000604900,1.0
CUST0000604610,0.0
CUST0000604366,0.0
CUST0000603826,1.0
CUST0000603772,1.0
CUST0000603688,0.0
CUST0000603604,0.0
CUST0000603565,1.0
CUST0000603536,0.0
CUST0000603535,0.0
CUST0000603403,0.0
CUST0000603155,0.0
CUST0000602766,0.0
CUST0000602654,0.0
CUST0000602024,0.0
CUST0000601812,1.0
CUST0000601659,0.0
CUST0000601102,0.0
CUST0000601096,1.0
CUST0000600338,0.0
CUST0000599487,1.0
CUST0000599366,0.0
CUST0000599314,1.0
CUST0000598853,1.0
CUST0000598026,0.0
CUST0000598011,0.0
CUST0000597790,1.0
CUST0000597770,0.0
CUST0000597356,1.0
CUST0000597294,0.0
CUST0000596834,1.0
CUST0000596825,0.0
CUST0000595767,0.0
CUST0000595675,0.0
CUST0000595430,0.0
CUST0000595400,0.0
CUST0000595380,0.0
CUST0000595333,0.0
CUST0000595140,0.0
CUST0000594823,1.0
CUST0000594734,1.0
CUST0000594701,0.0
CUST0000594668,0.0
CUST0000594479,1.0
CUST0000594451,1.0
CUST0000594351,0.0
CUST0000593878,0.0
CUST0000593659,0.0
CUST0000593365,0.0
CUST0000592884,0.0
CUST0000592165,0.0
CUST0000591919,0.0
CUST0000591774,0.0
CUST0000591488,0.0
CUST0000591268,1.0
CUST0000591215,0.0
CUST0000590653,0.0
CUST0000590320,0.0
CUST0000590182,1.0
CUST0000590174,0.0
CUST0000589818,0.0
CUST0000589724,0.0
CUST0000589718,0.0
CUST0000589596,0.0
CUST0000589449,0.0
CUST0000589225,0.0
CUST0000589174,0.0
CUST0000588827,0.0
CUST0000588744,1.0
CUST0000588654,0.0
CUST0000588614,0.0
CUST0000588390,0.0
CUST0000588300,0.0
CUST0000588201,0.0
CUST0000588050,1.0
CUST0000587903,0.0
CUST0000587787,0.0
CUST0000587584,0.0
CUST0000587537,1.0
CUST0000587521,0.0
CUST0000586811,0.0
CUST0000586590,0.0
CUST0000586284,0.0
CUST0000586117,0.0
CUST0000585963,1.0
CUST0000585874,0.0
CUST0000585638,0.0
CUST0000585013,0.0
CUST0000584930,0.0
CUST0000584873,0.0
CUST0000584194,1.0
CUST0000584170,1.0
CUST0000583944,1.0
CUST0000583841,1.0
CUST0000583710,0.0
CUST0000583655,0.0
CUST0000583570,0.0
CUST0000583524,0.0
CUST0000583303,1.0
CUST0000583299,0.0
CUST0000583287,1.0
CUST0000583043,0.0
CUST0000582960,1.0
CUST0000582565,0.0
CUST0000582528,0.0
CUST0000582217,0.0
CUST0000582179,0.0
CUST0000582166,0.0
CUST0000582126,0.0
CUST0000582064,0.0
CUST0000581338,1.0
CUST0000581084,1.0
CUST0000581032,1.0
CUST0000580999,0.0
CUST0000580333,0.0
CUST0000580148,0.0
CUST0000580080,0.0
CUST0000579898,1.0
CUST0000579835,0.0
CUST0000579771,0.0
CUST0000579396,0.0
CUST0000579095,0.0
CUST0000578938,1.0
CUST0000578851,0.0
CUST0000578661,0.0
CUST0000578476,0.0
CUST0000578260,0.0
CUST0000577947,0.0
CUST0000577810,0.0
CUST0000576558,0.0
CUST0000576479,1.0
CUST0000576401,1.0
CUST0000576210,0.0
CUST0000576033,1.0
CUST0000575954,0.0
CUST0000575098,0.0
CUST0000575003,0.0
CUST0000574975,0.0
CUST0000574637,0.0
CUST0000574199,0.0
CUST0000573884,0.0
CUST0000573752,0.0
CUST0000573703,0.0
CUST0000573675,0.0
CUST0000573657,0.0
CUST0000573587,0.0
CUST0000573349,0.0
CUST0000573324,0.0
CUST0000573047,0.0
CUST0000572613,0.0
CUST0000572442,0.0
CUST0000572321,0.0
CUST0000572204,1.0
CUST0000571895,0.0
CUST0000571830,0.0
CUST0000571753,1.0
CUST0000571697,0.0
CUST0000571445,0.0
CUST0000571394,0.0
CUST0000571159,1.0
CUST0000571077,1.0
CUST0000570805,0.0
CUST0000570249,0.0
CUST0000570070,1.0
CUST0000570062,1.0
CUST0000570003,1.0
CUST0000569835,0.0
CUST0000569812,0.0
CUST0000569626,0.0
CUST0000569576,1.0
CUST0000569531,0.0
CUST0000569377,0.0
CUST0000569300,0.0
CUST0000569235,1.0
CUST0000569214,0.0
CUST0000568930,0.0
CUST0000568818,0.0
CUST0000568724,0.0
CUST0000568633,0.0
CUST0000568232,0.0
CUST0000568148,0.0
CUST0000568084,0.0
CUST0000568005,0.0
CUST0000567454,0.0
CUST0000567295,0.0
CUST0000567162,0.0
CUST0000567102,0.0
CUST0000566977,0.0
CUST0000566919,1.0
CUST0000566711,0.0
CUST0000566691,0.0
CUST0000566571,0.0
CUST0000566419,0.0
CUST0000566259,0.0
CUST0000566133,1.0
CUST0000566123,0.0
CUST0000565865,0.0
CUST0000565426,0.0
CUST0000565377,0.0
CUST0000565188,1.0
CUST0000564834,0.0
CUST0000564620,0.0
CUST0000564613,0.0
CUST0000564400,0.0
CUST0000564261,1.0
CUST0000564087,1.0
CUST0000563785,0.0
CUST0000563675,0.0
CUST0000563557,0.0
CUST0000563509,1.0
CUST0000563161,1.0
CUST0000563076,1.0
CUST0000562988,0.0
CUST0000562821,0.0
CUST0000562569,0.0
CUST0000562526,1.0
CUST0000562468,1.0
CUST0000562306,0.0
CUST0000562188,0.0
CUST0000561978,0.0
CUST0000561506,0.0
CUST0000561413,0.0
CUST0000561396,0.0
CUST0000561300,0.0
CUST0000561099,0.0
CUST0000560332,0.0
CUST0000560317,0.0
CUST0000560209,1.0
CUST0000560001,0.0
CUST0000559848,0.0
CUST0000559823,0.0
CUST0000559360,0.0
CUST0000559052,0.0
CUST0000558880,0.0
CUST0000558853,1.0
CUST0000558717,0.0
CUST0000558567,1.0
CUST0000558394,1.0
CUST0000558367,1.0
CUST0000558339,0.0
CUST0000558202,0.0
CUST0000558163,0.0
CUST0000557898,0.0
CUST0000557852,0.0
CUST0000557718,0.0
CUST0000557389,0.0
CUST0000557384,0.0
CUST0000557313,0.0
CUST0000557102,0.0
CUST0000557099,1.0
CUST0000556920,1.0
CUST0000556890,1.0
CUST0000556820,0.0
CUST0000556728,0.0
CUST0000556668,0.0
CUST0000556589,1.0
CUST0000556584,0.0
CUST0000556279,0.0
CUST0000555929,0.0
CUST0000555858,0.0
CUST0000555791,0.0
CUST0000555784,0.0
CUST0000555528,1.0
CUST0000555393,0.0
CUST0000555247,0.0
CUST0000555011,0.0
CUST0000554969,0.0
CUST0000554776,1.0
CUST0000554743,0.0
CUST0000554531,0.0
CUST0000554500,0.0
CUST0000554451,0.0
CUST0000554420,0.0
CUST0000554342,1.0
CUST0000553751,0.0
CUST0000552912,0.0
CUST0000552628,1.0
CUST0000552556,0.0
CUST0000552553,1.0
CUST0000552346,0.0
CUST0000552278,0.0
CUST0000552149,1.0
CUST0000552095,0.0
CUST0000551973,0.0
CUST0000551656,0.0
CUST0000551617,0.0
CUST0000551279,0.0
CUST0000551216,0.0
CUST0000550948,0.0
CUST0000550895,0.0
CUST0000550640,0.0
CUST0000549826,0.0
CUST0000549773,0.0
CUST0000549621,0.0
CUST0000549601,1.0
CUST0000549332,1.0
CUST0000549120,0.0
CUST0000548875,0.0
CUST0000548606,0.0
CUST0000548601,1.0
CUST0000548473,0.0
CUST0000548056,0.0
CUST0000547921,0.0
CUST0000547762,0.0
CUST0000547631,0.0
CUST0000547607,0.0
CUST0000547400,1.0
CUST0000547250,0.0
CUST0000547165,0.0
CUST0000547003,0.0
CUST0000546350,0.0
CUST0000545940,0.0
CUST0000545926,0.0
CUST0000545821,0.0
CUST0000545553,1.0
CUST0000545486,0.0
CUST0000545294,0.0
CUST0000545161,0.0
CUST0000544964,0.0
CUST0000544452,0.0
CUST0000544383,0.0
CUST0000544286,0.0
CUST0000544094,1.0
CUST0000543971,1.0
CUST0000543889,0.0
CUST0000543856,0.0
CUST0000543726,0.0
CUST0000543360,1.0
CUST0000542772,0.0
CUST0000542501,1.0
CUST0000542234,0.0
CUST0000541791,1.0
CUST0000541731,0.0
CUST0000541662,0.0
CUST0000541290,0.0
CUST0000541287,0.0
CUST0000541126,0.0
CUST0000540703,0.0
CUST0000540675,0.0
CUST0000540496,1.0
CUST0000540490,0.0
CUST0000539609,0.0
CUST0000539281,0.0
CUST0000538745,1.0
CUST0000538692,0.0
CUST0000538623,0.0
CUST0000538613,0.0
CUST0000538580,0.0
CUST0000538370,0.0
CUST0000538177,0.0
CUST0000538110,0.0
CUST0000538076,1.0
CUST0000538028,0.0
CUST0000537762,0.0
CUST0000537508,1.0
CUST0000537313,0.0
CUST0000537147,0.0
CUST0000537006,0.0
CUST0000536902,0.0
CUST0000536710,0.0
CUST0000536633,0.0
CUST0000536422,0.0
CUST0000536421,0.0
CUST0000536304,0.0
CUST0000535926,0.0
CUST0000535622,1.0
CUST0000535397,1.0
CUST0000535362,0.0
CUST0000535175,0.0
CUST0000535082,0.0
CUST0000535045,0.0
CUST0000534958,0.0
CUST0000534670,0.0
CUST0000534608,0.0
CUST0000534546,1.0
CUST0000534323,0.0
CUST0000534245,0.0
CUST0000532766,1.0
CUST0000532714,1.0
CUST0000532004,0.0
CUST0000531824,0.0
CUST0000531774,0.0
CUST0000531741,0.0
CUST0000531589,1.0
CUST0000531491,0.0
CUST0000531481,0.0
CUST0000531435,0.0
CUST0000531338,0.0
CUST0000531203,1.0
CUST0000531031,1.0
CUST0000530875,0.0
CUST0000530406,0.0
CUST0000530394,0.0
CUST0000530129,0.0
CUST0000530119,0.0
CUST0000530036,1.0
CUST0000529677,0.0
CUST0000529423,0.0
CUST0000529313,0.0
CUST0000529305,0.0
CUST0000528875,1.0
CUST0000528846,0.0
CUST0000528616,0.0
CUST0000528480,0.0
CUST0000528451,1.0
CUST0000528394,0.0
CUST0000527535,0.0
CUST0000527347,0.0
CUST0000527105,0.0
CUST0000526506,0.0
CUST0000526194,1.0
CUST0000526114,0.0
CUST0000526081,0.0
CUST0000525866,0.0
CUST0000525324,0.0
CUST0000525274,0.0
CUST0000524891,1.0
CUST0000524835,0.0
CUST0000524577,0.0
CUST0000524542,0.0
CUST0000523791,0.0
CUST0000523300,0.0
CUST0000523249,0.0
CUST0000523158,1.0
CUST0000523142,0.0
CUST0000523118,0.0
CUST0000522632,0.0
CUST0000522402,0.0
CUST0000522088,1.0
CUST0000521752,0.0
CUST0000521560,0.0
CUST0000521438,0.0
CUST0000521313,1.0
CUST0000521233,0.0
CUST0000520937,0.0
CUST0000520823,0.0
CUST0000520652,0.0
CUST0000520619,0.0
CUST0000520456,0.0
CUST0000520415,0.0
CUST0000520412,1.0
CUST0000520373,0.0
CUST0000520310,0.0
CUST0000520211,0.0
CUST0000520208,1.0
CUST0000519981,0.0
CUST0000519570,1.0
CUST0000519294,0.0
CUST0000519097,0.0
CUST0000519024,0.0
CUST0000518972,1.0
CUST0000517865,0.0
CUST0000517758,0.0
CUST0000517718,0.0
CUST0000517668,1.0
CUST0000517648,0.0
CUST0000517624,0.0
CUST0000517596,0.0
CUST0000517351,0.0
CUST0000516995,0.0
CUST0000516705,0.0
CUST0000516635,1.0
CUST0000516273,1.0
CUST0000516130,1.0
CUST0000516122,0.0
CUST0000515740,0.0
CUST0000515337,0.0
CUST0000514917,1.0
CUST0000514903,1.0
CUST0000514601,0.0
CUST0000514177,0.0
CUST0000513962,0.0
CUST0000513829,1.0
CUST0000513470,1.0
CUST0000513226,0.0
CUST0000513193,0.0
CUST0000513103,0.0
CUST0000513008,0.0
CUST0000512567,1.0
CUST0000512453,0.0
CUST0000512383,0.0
CUST0000512238,0.0
CUST0000511779,0.0
CUST0000511527,0.0
CUST0000511388,0.0
CUST0000511194,1.0
CUST0000511074,0.0
CUST0000510889,1.0
CUST0000510375,0.0
CUST0000510147,0.0
CUST0000509602,0.0
CUST0000509394,0.0
CUST0000509290,0.0
CUST0000509249,1.0
CUST0000509150,0.0
CUST0000509133,0.0
CUST0000508788,0.0
CUST0000508632,0.0
CUST0000508514,0.0
CUST0000508390,0.0
CUST0000507899,1.0
CUST0000507862,0.0
CUST0000507681,1.0
CUST0000507386,0.0
CUST0000507316,0.0
CUST0000507230,0.0
CUST0000507089,0.0
CUST0000507047,0.0
CUST0000506991,0.0
CUST0000506875,1.0
CUST0000506779,0.0
CUST0000506713,0.0
CUST0000506100,0.0
CUST0000505515,0.0
CUST0000505126,0.0
CUST0000505066,0.0
CUST0000505045,1.0
CUST0000504706,0.0
CUST0000504695,0.0
CUST0000504497,0.0
CUST0000504392,0.0
CUST0000504248,0.0
CUST0000503994,0.0
CUST0000503973,0.0
CUST0000503754,0.0
CUST0000503299,1.0
CUST0000503278,0.0
CUST0000503217,1.0
CUST0000502858,1.0
CUST0000502098,0.0
CUST0000502064,0.0
CUST0000501792,1.0
CUST0000501747,0.0
CUST0000501713,0.0
CUST0000501369,0.0
CUST0000500812,0.0
CUST0000500474,0.0
CUST0000500211,1.0
CUST0000499735,1.0
CUST0000499555,0.0
CUST0000499553,0.0
CUST0000498948,0.0
CUST0000498770,0.0
CUST0000497929,0.0
CUST0000497741,1.0
CUST0000497628,0.0
CUST0000497560,0.0
CUST0000497442,0.0
CUST0000497338,0.0
CUST0000497325,0.0
CUST0000496588,0.0
CUST0000496531,0.0
CUST0000496244,0.0
CUST0000495995,1.0
CUST0000495733,0.0
CUST0000495649,1.0
CUST0000495595,0.0
CUST0000495556,0.0
CUST0000495431,1.0
CUST0000495027,1.0
CUST0000494754,0.0
CUST0000494488,0.0
CUST0000494424,0.0
CUST0000493564,1.0
CUST0000493531,0.0
CUST0000493248,0.0
CUST0000493196,1.0
CUST0000492732,0.0
CUST0000492670,1.0
CUST0000492656,1.0
CUST0000492279,0.0
CUST0000492233,1.0
CUST0000491958,0.0
CUST0000491938,0.0
CUST0000491740,0.0
CUST0000491694,0.0
CUST0000491308,1.0
CUST0000491244,0.0
CUST0000491226,0.0
CUST0000491140,0.0
CUST0000491025,1.0
CUST0000491009,0.0
CUST0000490625,0.0
CUST0000490525,0.0
CUST0000490446,0.0
CUST0000490239,1.0
CUST0000490088,1.0
CUST0000490071,0.0
CUST0000489934,0.0
CUST0000489666,0.0
CUST0000489620,1.0
CUST0000489477,0.0
CUST0000488814,0.0
CUST0000488624,0.0
CUST0000488589,1.0
CUST0000487927,1.0
CUST0000487728,1.0
CUST0000487703,0.0
CUST0000487663,0.0
CUST0000487603,1.0
CUST0000487479,0.0
CUST0000487322,0.0
CUST0000487301,0.0
CUST0000487160,0.0
CUST0000487114,1.0
CUST0000486923,0.0
CUST0000486885,1.0
CUST0000486445,1.0
CUST0000486332,0.0
CUST0000486257,0.0
CUST0000485988,0.0
CUST0000485753,0.0
CUST0000485726,0.0
CUST0000485331,0.0
CUST0000485086,0.0
CUST0000485050,1.0
CUST0000484967,0.0
CUST0000484399,1.0
CUST0000484388,0.0
CUST0000484065,0.0
CUST0000483902,0.0
CUST0000483822,1.0
CUST0000483557,1.0
CUST0000483341,1.0
CUST0000483276,1.0
CUST0000483138,0.0
CUST0000482536,1.0
CUST0000481776,1.0
CUST0000481442,0.0
CUST0000481090,0.0
CUST0000480746,1.0
CUST0000480643,0.0
CUST0000480003,0.0
CUST0000479371,0.0
CUST0000479335,0.0
CUST0000479155,0.0
CUST0000479003,0.0
CUST0000478905,0.0
CUST0000478840,1.0
CUST0000478589,1.0
CUST0000478542,1.0
CUST0000478065,0.0
CUST0000478049,0.0
CUST0000477841,0.0
CUST0000477514,1.0
CUST0000476769,0.0
CUST0000476648,1.0
CUST0000476611,0.0
CUST0000476309,0.0
CUST0000476201,0.0
CUST0000475839,0.0
CUST0000475599,0.0
CUST0000475113,0.0
CUST0000475032,1.0
CUST0000474951,0.0
CUST0000474829,0.0
CUST0000474466,0.0
CUST0000474340,0.0
CUST0000474333,1.0
CUST0000474286,0.0
CUST0000474124,0.0
CUST0000473962,0.0
CUST0000473940,0.0
CUST0000473868,0.0
CUST0000473526,0.0
CUST0000473440,1.0
CUST0000473207,0.0
CUST0000472833,0.0
CUST0000471643,0.0
CUST0000471569,0.0
CUST0000471465,1.0
CUST0000470698,1.0
CUST0000470597,0.0
CUST0000470325,0.0
CUST0000470110,0.0
CUST0000470078,0.0
CUST0000469479,0.0
CUST0000469026,0.0
CUST0000468702,1.0
CUST0000468686,0.0
CUST0000468430,0.0
CUST0000468282,0.0
CUST0000468097,0.0
CUST0000467631,1.0
CUST0000467493,0.0
CUST0000467477,0.0
CUST0000467424,0.0
CUST0000467422,0.0
CUST0000467219,0.0
CUST0000467095,0.0
CUST0000466497,0.0
CUST0000465879,1.0
CUST0000465685,0.0
CUST0000465439,0.0
CUST0000465192,0.0
CUST0000465173,0.0
CUST0000465140,0.0
CUST0000465054,0.0
CUST0000464945,0.0
CUST0000464922,0.0
CUST0000464501,0.0
CUST0000464421,0.0
CUST0000464275,0.0
CUST0000464084,0.0
CUST0000463779,0.0
CUST0000463736,0.0
CUST0000463571,0.0
CUST0000463469,0.0
CUST0000463400,0.0
CUST0000463293,0.0
CUST0000462451,1.0
CUST0000462322,0.0
CUST0000462295,1.0
CUST0000462264,1.0
CUST0000462108,0.0
CUST0000461568,0.0
CUST0000461526,0.0
CUST0000461477,0.0
CUST0000461309,0.0
CUST0000460983,0.0
CUST0000460717,0.0
CUST0000460021,1.0
CUST0000460016,0.0
CUST0000459983,0.0
CUST0000459425,0.0
CUST0000459283,0.0
CUST0000459098,0.0
CUST0000459058,0.0
CUST0000459055,0.0
CUST0000458602,0.0
CUST0000458484,0.0
CUST0000458243,0.0
CUST0000458113,0.0
CUST0000458006,0.0
CUST0000457990,0.0
CUST0000457391,1.0
CUST0000457079,0.0
CUST0000457031,0.0
CUST0000456991,0.0
CUST0000456967,0.0
CUST0000456966,0.0
CUST0000456756,0.0
CUST0000456698,0.0
CUST0000456347,0.0
CUST0000456286,0.0
CUST0000456220,0.0
CUST0000456145,0.0
CUST0000455947,0.0
CUST0000455930,1.0
CUST0000455781,0.0
CUST0000455765,0.0
CUST0000455620,0.0
CUST0000454985,1.0
CUST0000454947,0.0
CUST0000454607,0.0
CUST0000454529,1.0
CUST0000454193,1.0
CUST0000454102,1.0
CUST0000454041,0.0
CUST0000453780,0.0
CUST0000453772,0.0
CUST0000453681,0.0
CUST0000453528,0.0
CUST0000453430,0.0
CUST0000453088,1.0
CUST0000453050,0.0
CUST0000452948,0.0
CUST0000452777,1.0
CUST0000452696,1.0
CUST0000452520,0.0
CUST0000451951,1.0
CUST0000451855,0.0
CUST0000450574,0.0
CUST0000450385,0.0
CUST0000450325,0.0
CUST0000450009,0.0
CUST0000449795,1.0
CUST0000449701,0.0
CUST0000449572,1.0
CUST0000449312,0.0
CUST0000449125,0.0
CUST0000449002,0.0
CUST0000448995,0.0
CUST0000448704,0.0
CUST0000448659,0.0
CUST0000448626,1.0
CUST0000448583,0.0
CUST0000448360,1.0
CUST0000448187,0.0
CUST0000447826,0.0
CUST0000447348,0.0
CUST0000446893,0.0
CUST0000446840,1.0
CUST0000446741,0.0
CUST0000446480,0.0
CUST0000446479,0.0
CUST0000446407,0.0
CUST0000446384,0.0
CUST0000445924,0.0
CUST0000445856,0.0
CUST0000445623,0.0
CUST0000445287,1.0
CUST0000445045,0.0
CUST0000444973,0.0
CUST0000444866,1.0
CUST0000444818,0.0
CUST0000444791,0.0
CUST0000444755,1.0
CUST0000444727,1.0
CUST0000444515,0.0
CUST0000444343,0.0
CUST0000443416,1.0
CUST0000442461,0.0
CUST0000442152,1.0
CUST0000441667,0.0
CUST0000441420,0.0
CUST0000441137,1.0
CUST0000440798,0.0
CUST0000440643,0.0
CUST0000440411,0.0
CUST0000440403,0.0
CUST0000440239,0.0
CUST0000439775,0.0
CUST0000439727,1.0
CUST0000439615,0.0
CUST0000439279,0.0
CUST0000439239,0.0
CUST0000439138,1.0
CUST0000438964,0.0
CUST0000438736,0.0
CUST0000438700,1.0
CUST0000438192,0.0
CUST0000438072,0.0
CUST0000437882,0.0
CUST0000437337,0.0
CUST0000436863,0.0
CUST0000436803,1.0
CUST0000436526,1.0
CUST0000436401,0.0
CUST0000436351,0.0
CUST0000436344,0.0
CUST0000436193,0.0
CUST0000436141,0.0
CUST0000436095,1.0
CUST0000436068,1.0
CUST0000435377,0.0
CUST0000435142,1.0
CUST0000434872,0.0
CUST0000434868,0.0
CUST0000434767,0.0
CUST0000434714,0.0
CUST0000434612,1.0
CUST0000434391,1.0
CUST0000434228,0.0
CUST0000433962,0.0
CUST0000433913,0.0
CUST0000433684,1.0
CUST0000433392,0.0
CUST0000432330,0.0
CUST0000432169,0.0
CUST0000431454,1.0
CUST0000431167,0.0
CUST0000431092,0.0
CUST0000431015,0.0
CUST0000430981,1.0
CUST0000430659,0.0
CUST0000430124,0.0
CUST0000429946,0.0
CUST0000429836,0.0
CUST0000429833,0.0
CUST0000429555,1.0
CUST0000429174,1.0
CUST0000429043,1.0
CUST0000428635,0.0
CUST0000428608,0.0
CUST0000428465,0.0
CUST0000427301,1.0
CUST0000427023,0.0
CUST0000427014,1.0
CUST0000426893,1.0
CUST0000426871,0.0
CUST0000426698,0.0
CUST0000426681,0.0
CUST0000426571,0.0
CUST0000426328,0.0
CUST0000426107,0.0
CUST0000425983,1.0
CUST0000425966,1.0
CUST0000425882,1.0
CUST0000425801,0.0
CUST0000425755,0.0
CUST0000425649,0.0
CUST0000425586,0.0
CUST0000425566,0.0
CUST0000425541,0.0
CUST0000425522,0.0
CUST0000425467,0.0
CUST0000425172,0.0
CUST0000424608,0.0
CUST0000424386,0.0
CUST0000423947,0.0
CUST0000423937,0.0
CUST0000423668,1.0
CUST0000423572,0.0
CUST0000423539,0.0
CUST0000423458,0.0
CUST0000423063,0.0
CUST0000422914,0.0
CUST0000422872,0.0
CUST0000422568,0.0
CUST0000422146,1.0
CUST0000422099,0.0
CUST0000422016,0.0
CUST0000421890,1.0
CUST0000421869,0.0
CUST0000421287,1.0
CUST0000421071,1.0
CUST0000420781,0.0
CUST0000420072,0.0
CUST0000419849,0.0
CUST0000419789,1.0
CUST0000419215,1.0
CUST0000419057,1.0
CUST0000418944,1.0
CUST0000418743,0.0
CUST0000418352,1.0
CUST0000418168,0.0
CUST0000418129,1.0
CUST0000417955,0.0
CUST0000417021,0.0
CUST0000416207,0.0
CUST0000416143,1.0
CUST0000415718,1.0
CUST0000415655,0.0
CUST0000415471,1.0
CUST0000415147,1.0
CUST0000415029,0.0
CUST0000414945,1.0
CUST0000414915,0.0
CUST0000414892,0.0
CUST0000414813,1.0
CUST0000414611,1.0
CUST0000414522,0.0
CUST0000414452,0.0
CUST0000413715,0.0
CUST0000413598,0.0
CUST0000413197,0.0
CUST0000413161,0.0
CUST0000413017,1.0
CUST0000412928,0.0
CUST0000412870,0.0
CUST0000412559,0.0
CUST0000412288,0.0
CUST0000412087,1.0
CUST0000411972,1.0
CUST0000411707,0.0
CUST0000411364,0.0
CUST0000411204,0.0
CUST0000411122,0.0
CUST0000410932,0.0
CUST0000410727,0.0
CUST0000410526,0.0
CUST0000410228,0.0
CUST0000410183,0.0
CUST0000410118,0.0
CUST0000409997,0.0
CUST0000409627,0.0
CUST0000409108,1.0
CUST0000408901,0.0
CUST0000408729,0.0
CUST0000408561,1.0
CUST0000408527,0.0
CUST0000408366,1.0
CUST0000407911,0.0
CUST0000407532,0.0
CUST0000407343,0.0
CUST0000407194,1.0
CUST0000407176,0.0
CUST0000407163,1.0
CUST0000407130,0.0
CUST0000407072,0.0
CUST0000406979,0.0
CUST0000406914,0.0
CUST0000406818,0.0
CUST0000406773,1.0
CUST0000406083,0.0
CUST0000405566,0.0
CUST0000405265,0.0
CUST0000405240,1.0
CUST0000405053,1.0
CUST0000404913,1.0
CUST0000404696,0.0
CUST0000404601,0.0
CUST0000404216,0.0
CUST0000404168,1.0
CUST0000404167,0.0
CUST0000403745,1.0
CUST0000403640,0.0
CUST0000403543,1.0
CUST0000403403,0.0
CUST0000403381,0.0
CUST0000403048,0.0
CUST0000402650,0.0
CUST0000402511,0.0
CUST0000402467,0.0
CUST0000402327,0.0
CUST0000402237,0.0
CUST0000402181,1.0
CUST0000401763,0.0
CUST0000401057,0.0
CUST0000400898,0.0
CUST0000400678,0.0
CUST0000400484,0.0
CUST0000400134,0.0
CUST0000400016,1.0
CUST0000399865,1.0
CUST0000399733,0.0
CUST0000398825,1.0
CUST0000398784,0.0
CUST0000398776,0.0
CUST0000398616,0.0
CUST0000398567,0.0
CUST0000398539,1.0
CUST0000398367,0.0
CUST0000398363,0.0
CUST0000397821,0.0
CUST0000397690,1.0
CUST0000397631,1.0
CUST0000397540,0.0
CUST0000397266,0.0
CUST0000397207,0.0
CUST0000397145,0.0
CUST0000397007,0.0
CUST0000396827,0.0
CUST0000396745,0.0
CUST0000396498,0.0
CUST0000396495,1.0
CUST0000396231,0.0
CUST0000396149,1.0
CUST0000395732,0.0
CUST0000395577,0.0
CUST0000395515,0.0
CUST0000395437,0.0
CUST0000395295,0.0
CUST0000395055,1.0
CUST0000394930,0.0
CUST0000394724,0.0
CUST0000393773,1.0
CUST0000393760,0.0
CUST0000393638,0.0
CUST0000393615,0.0
CUST0000393547,0.0
CUST0000393495,0.0
CUST0000393321,0.0
CUST0000392903,0.0
CUST0000392574,0.0
CUST0000392468,0.0
CUST0000392243,1.0
CUST0000391910,0.0
CUST0000391382,0.0
CUST0000391346,0.0
CUST0000391287,0.0
CUST0000391145,0.0
CUST0000391025,0.0
CUST0000390823,0.0
CUST0000390762,1.0
CUST0000389986,1.0
CUST0000389739,0.0
CUST0000389364,0.0
CUST0000389267,0.0
CUST0000389065,1.0
CUST0000388652,0.0
CUST0000388585,0.0
CUST0000388524,1.0
CUST0000388176,0.0
CUST0000387914,0.0
CUST0000387419,0.0
CUST0000387168,0.0
CUST0000387000,1.0
CUST0000386827,0.0
CUST0000386711,0.0
CUST0000386495,0.0
CUST0000386369,0.0
CUST0000385636,0.0
CUST0000385508,0.0
CUST0000385376,0.0
CUST0000385231,0.0
CUST0000385012,0.0
CUST0000384891,0.0
CUST0000384822,1.0
CUST0000384711,0.0
CUST0000384431,0.0
CUST0000383071,1.0
CUST0000382456,1.0
CUST0000381350,0.0
CUST0000380545,0.0
CUST0000380492,0.0
CUST0000380249,1.0
CUST0000380224,0.0
CUST0000380112,1.0
CUST0000379952,0.0
CUST0000379903,0.0
CUST0000379798,1.0
CUST0000379577,0.0
CUST0000379472,0.0
CUST0000379456,1.0
CUST0000379452,0.0
CUST0000379126,0.0
CUST0000378984,1.0
CUST0000378735,0.0
CUST0000378677,0.0
CUST0000378500,0.0
CUST0000378448,0.0
CUST0000378373,0.0
CUST0000378034,1.0
CUST0000377973,0.0
CUST0000377813,1.0
CUST0000377358,0.0
CUST0000377107,0.0
CUST0000376662,1.0
CUST0000376598,0.0
CUST0000376367,0.0
CUST0000376193,0.0
CUST0000376140,0.0
CUST0000375691,0.0
CUST0000375659,0.0
CUST0000375648,0.0
CUST0000375633,0.0
CUST0000375074,0.0
CUST0000374967,1.0
CUST0000374744,0.0
CUST0000374522,0.0
CUST0000374392,0.0
CUST0000374335,0.0
CUST0000374252,1.0
CUST0000374165,0.0
CUST0000373949,1.0
CUST0000373894,0.0
CUST0000373868,0.0
CUST0000373826,0.0
CUST0000373737,1.0
CUST0000373683,0.0
CUST0000373241,0.0
CUST0000373003,0.0
CUST0000372856,0.0
CUST0000372762,1.0
CUST0000372533,0.0
CUST0000372501,0.0
CUST0000372036,0.0
CUST0000371949,0.0
CUST0000371579,0.0
CUST0000371566,0.0
CUST0000371535,0.0
CUST0000371354,0.0
CUST0000371191,0.0
CUST0000371087,0.0
CUST0000371044,1.0
CUST0000370986,0.0
CUST0000370974,0.0
CUST0000370635,1.0
CUST0000370394,1.0
CUST0000370368,1.0
CUST0000370351,0.0
CUST0000370293,0.0
CUST0000370276,0.0
CUST0000370059,0.0
CUST0000369937,0.0
CUST0000369871,0.0
CUST0000369724,1.0
CUST0000369681,0.0
CUST0000369556,0.0
CUST0000369539,0.0
CUST0000369298,0.0
CUST0000369227,0.0
CUST0000367598,1.0
CUST0000367460,1.0
CUST0000367459,1.0
CUST0000367454,0.0
CUST0000367323,1.0
CUST0000367221,0.0
CUST0000366903,0.0
CUST0000366900,0.0
CUST0000366661,0.0
CUST0000366612,0.0
CUST0000366585,0.0
CUST0000366451,0.0
CUST0000366265,0.0
CUST0000365930,0.0
CUST0000365846,0.0
CUST0000365689,1.0
CUST0000365449,0.0
CUST0000365429,0.0
CUST0000365104,1.0
CUST0000364760,0.0
CUST0000364544,0.0
CUST0000364465,1.0
CUST0000364263,0.0
CUST0000364233,0.0
CUST0000364113,1.0
CUST0000364085,0.0
CUST0000364039,0.0
CUST0000364031,0.0
CUST0000363266,0.0
CUST0000363059,0.0
CUST0000362904,0.0
CUST0000362694,0.0
CUST0000362661,0.0
CUST0000362641,0.0
CUST0000362601,0.0
CUST0000362478,0.0
CUST0000362355,0.0
CUST0000362281,1.0
CUST0000361973,1.0
CUST0000361910,0.0
CUST0000361611,1.0
CUST0000361169,0.0
CUST0000361038,0.0
CUST0000360531,1.0
CUST0000360293,1.0
CUST0000360289,0.0
CUST0000360223,0.0
CUST0000360110,0.0
CUST0000359971,0.0
CUST0000359859,1.0
CUST0000359752,0.0
CUST0000359555,1.0
CUST0000359521,0.0
CUST0000359417,0.0
CUST0000359344,0.0
CUST0000359289,0.0
CUST0000359265,0.0
CUST0000359250,0.0
CUST0000359212,0.0
CUST0000359197,0.0
CUST0000358723,0.0
CUST0000358608,0.0
CUST0000358603,1.0
CUST0000358344,1.0
CUST0000358011,1.0
CUST0000357913,0.0
CUST0000357863,1.0
CUST0000357661,1.0
CUST0000357650,0.0
CUST0000357627,0.0
CUST0000357449,1.0
CUST0000357109,0.0
CUST0000357083,0.0
CUST0000356605,0.0
CUST0000356601,0.0
CUST0000356307,1.0
CUST0000356138,0.0
CUST0000356067,0.0
CUST0000356057,0.0
CUST0000356000,0.0
CUST0000355981,0.0
CUST0000355666,0.0
CUST0000355507,1.0
CUST0000355428,0.0
CUST0000355235,0.0
CUST0000355108,0.0
CUST0000353993,1.0
CUST0000353957,0.0
CUST0000353945,1.0
CUST0000353938,0.0
CUST0000353845,1.0
CUST0000353677,0.0
CUST0000353655,0.0
CUST0000352666,1.0
CUST0000352556,0.0
CUST0000352544,1.0
CUST0000352169,0.0
CUST0000352126,0.0
CUST0000352075,0.0
CUST0000352048,0.0
CUST0000351733,0.0
CUST0000350599,0.0
CUST0000350521,0.0
CUST0000350353,1.0
CUST0000350221,0.0
CUST0000349859,1.0
CUST0000349837,0.0
CUST0000349561,0.0
CUST0000349056,0.0
CUST0000348786,1.0
CUST0000348775,0.0
CUST0000348557,0.0
CUST0000348467,0.0
CUST0000348123,0.0
CUST0000348054,0.0
CUST0000348012,0.0
CUST0000348008,1.0
CUST0000347923,1.0
CUST0000347842,0.0
CUST0000347834,1.0
CUST0000347503,0.0
CUST0000347438,0.0
CUST0000347309,0.0
CUST0000346656,0.0
CUST0000346601,0.0
CUST0000346556,0.0
CUST0000346251,0.0
CUST0000346167,0.0
CUST0000345373,0.0
CUST0000345364,0.0
CUST0000345094,0.0
CUST0000344976,0.0
CUST0000344914,1.0
CUST0000344295,0.0
CUST0000344260,0.0
CUST0000344047,0.0
CUST0000343466,1.0
CUST0000343056,0.0
CUST0000342959,0.0
CUST0000342567,1.0
CUST0000342503,0.0
CUST0000342143,0.0
CUST0000342129,0.0
CUST0000342078,0.0
CUST0000341445,0.0
CUST0000341319,0.0
CUST0000341306,0.0
CUST0000341255,0.0
CUST0000340993,1.0
CUST0000340895,0.0
CUST0000340691,1.0
CUST0000340654,1.0
CUST0000340033,0.0
CUST0000339376,0.0
CUST0000339139,0.0
CUST0000339117,0.0
CUST0000339054,0.0
CUST0000338923,0.0
CUST0000338613,0.0
CUST0000337461,1.0
CUST0000337081,0.0
CUST0000337058,1.0
CUST0000337031,0.0
CUST0000336297,0.0
CUST0000335861,1.0
CUST0000335650,0.0
CUST0000335632,0.0
CUST0000335542,0.0
CUST0000335292,1.0
CUST0000334951,0.0
CUST0000334297,0.0
CUST0000333947,0.0
CUST0000333648,1.0
CUST0000333370,1.0
CUST0000333211,0.0
CUST0000332983,0.0
CUST0000332689,0.0
CUST0000332648,0.0
CUST0000332030,0.0
CUST0000331413,0.0
CUST0000330871,0.0
CUST0000330389,0.0
CUST0000329724,0.0
CUST0000329564,0.0
CUST0000329420,1.0
CUST0000329411,0.0
CUST0000329314,0.0
CUST0000329284,0.0
CUST0000329240,1.0
CUST0000329123,0.0
CUST0000328659,0.0
CUST0000328598,1.0
CUST0000328011,0.0
CUST0000327940,0.0
CUST0000327790,0.0
CUST0000327595,0.0
CUST0000327293,0.0
CUST0000327274,0.0
CUST0000327218,0.0
CUST0000327087,1.0
CUST0000326951,0.0
CUST0000326875,0.0
CUST0000326784,1.0
CUST0000326711,0.0
CUST0000326502,0.0
CUST0000326362,1.0
CUST0000326357,0.0
CUST0000326328,0.0
CUST0000326092,0.0
CUST0000326043,0.0
CUST0000326029,1.0
CUST0000325897,0.0
CUST0000325862,0.0
CUST0000325746,0.0
CUST0000325483,0.0
CUST0000325310,0.0
CUST0000325091,0.0
CUST0000324439,1.0
CUST0000324362,0.0
CUST0000324222,0.0
CUST0000324002,0.0
CUST0000323706,1.0
CUST0000323567,0.0
CUST0000323196,1.0
CUST0000322579,1.0
CUST0000322541,0.0
CUST0000322481,0.0
CUST0000322431,1.0
CUST0000322183,0.0
CUST0000321957,0.0
CUST0000321850,0.0
CUST0000321438,1.0
CUST0000320773,1.0
CUST0000320358,0.0
CUST0000320265,1.0
CUST0000320257,0.0
CUST0000320138,0.0
CUST0000320034,0.0
CUST0000319945,0.0
CUST0000319762,1.0
CUST0000319505,1.0
CUST0000319316,0.0
CUST0000319241,0.0
CUST0000318791,1.0
CUST0000318790,0.0
CUST0000318596,0.0
CUST0000318461,0.0
CUST0000318306,0.0
CUST0000317490,0.0
CUST0000317407,0.0
CUST0000316692,0.0
CUST0000316653,0.0
CUST0000316344,0.0
CUST0000315924,1.0
CUST0000315873,1.0
CUST0000315792,0.0
CUST0000315693,0.0
CUST0000315095,0.0
CUST0000314931,0.0
CUST0000314496,0.0
CUST0000314494,1.0
CUST0000314465,0.0
CUST0000314371,0.0
CUST0000314165,0.0
CUST0000313976,0.0
CUST0000313963,0.0
CUST0000313722,0.0
CUST0000313426,0.0
CUST0000313370,1.0
CUST0000313294,0.0
CUST0000313011,0.0
CUST0000312927,0.0
CUST0000312428,0.0
CUST0000312327,1.0
CUST0000312303,0.0
CUST0000311496,0.0
CUST0000311194,0.0
CUST0000311051,0.0
CUST0000310870,0.0
CUST0000310844,0.0
CUST0000310786,0.0
CUST0000310512,0.0
CUST0000310381,1.0
CUST0000310334,0.0
CUST0000309981,0.0
CUST0000309974,0.0
CUST0000309803,1.0
CUST0000309773,0.0
CUST0000309109,0.0
CUST0000309104,0.0
CUST0000309078,1.0
CUST0000309037,1.0
CUST0000308745,0.0
CUST0000308627,0.0
CUST0000308575,0.0
CUST0000308522,0.0
CUST0000308433,0.0
CUST0000308121,1.0
CUST0000307693,0.0
CUST0000307406,1.0
CUST0000307403,1.0
CUST0000307323,0.0
CUST0000307236,0.0
CUST0000307007,0.0
CUST0000306843,1.0
CUST0000306580,0.0
CUST0000306533,1.0
CUST0000306198,0.0
CUST0000306168,1.0
CUST0000305191,0.0
CUST0000305103,0.0
CUST0000304922,0.0
CUST0000304719,0.0
CUST0000304476,0.0
CUST0000304008,0.0
CUST0000303966,0.0
CUST0000303963,1.0
CUST0000303755,0.0
CUST0000303669,1.0
CUST0000303410,0.0
CUST0000303021,0.0
CUST0000302781,0.0
CUST0000302718,0.0
CUST0000302397,1.0
CUST0000302355,0.0
CUST0000302308,0.0
CUST0000302301,0.0
CUST0000302280,0.0
CUST0000301955,0.0
CUST0000301823,0.0
CUST0000301586,0.0
CUST0000301347,0.0
CUST0000301267,0.0
CUST0000301201,1.0
CUST0000301140,0.0
CUST0000301027,1.0
CUST0000300913,1.0
CUST0000300829,0.0
CUST0000300328,0.0
CUST0000300206,1.0
CUST0000300136,0.0
CUST0000299905,1.0
CUST0000299856,0.0
CUST0000299443,1.0
CUST0000299294,1.0
CUST0000299182,0.0
CUST0000299174,0.0
CUST0000299009,0.0
CUST0000298951,0.0
CUST0000298919,0.0
CUST0000298739,1.0
CUST0000298700,1.0
CUST0000298408,0.0
CUST0000297983,0.0
CUST0000297970,1.0
CUST0000297678,1.0
CUST0000297608,0.0
CUST0000297521,0.0
CUST0000297249,1.0
CUST0000297139,0.0
CUST0000297035,1.0
CUST0000296379,0.0
CUST0000296291,0.0
CUST0000296204,0.0
CUST0000296012,1.0
CUST0000295901,0.0
CUST0000295167,0.0
CUST0000295117,0.0
CUST0000294865,1.0
CUST0000294815,0.0
CUST0000294682,0.0
CUST0000294638,0.0
CUST0000294521,0.0
CUST0000293597,0.0
CUST0000293131,0.0
CUST0000293101,0.0
CUST0000292985,0.0
CUST0000292567,1.0
CUST0000292555,0.0
CUST0000292191,1.0
CUST0000292049,1.0
CUST0000292042,0.0
CUST0000292032,0.0
CUST0000291957,0.0
CUST0000291884,0.0
CUST0000291861,0.0
CUST0000291843,1.0
CUST0000291432,0.0
CUST0000291212,0.0
CUST0000291108,0.0
CUST0000290793,0.0
CUST0000290774,1.0
CUST0000289572,1.0
CUST0000289425,0.0
CUST0000289401,0.0
CUST0000289277,0.0
CUST0000288788,0.0
CUST0000288662,0.0
CUST0000288518,0.0
CUST0000288343,1.0
CUST0000288146,1.0
CUST0000287937,0.0
CUST0000287867,0.0
CUST0000287772,0.0
CUST0000287617,0.0
CUST0000287482,0.0
CUST0000287282,0.0
CUST0000285663,0.0
CUST0000285276,0.0
CUST0000284650,1.0
CUST0000284451,0.0
CUST0000284343,0.0
CUST0000284103,0.0
CUST0000283803,0.0
CUST0000283740,0.0
CUST0000283274,0.0
CUST0000282917,0.0
CUST0000282774,1.0
CUST0000282652,0.0
CUST0000282515,0.0
CUST0000282411,0.0
CUST0000282214,0.0
CUST0000282130,0.0
CUST0000282032,1.0
CUST0000281968,0.0
CUST0000281353,1.0
CUST0000281089,0.0
CUST0000280952,0.0
CUST0000280694,0.0
CUST0000280690,1.0
CUST0000280679,0.0
CUST0000280589,0.0
CUST0000280517,0.0
CUST0000279958,0.0
CUST0000279477,0.0
CUST0000279310,0.0
CUST0000279161,1.0
CUST0000278887,0.0
CUST0000278821,0.0
CUST0000278741,0.0
CUST0000278111,0.0
CUST0000277824,0.0
CUST0000277675,0.0
CUST0000277415,1.0
CUST0000277206,0.0
CUST0000277064,0.0
CUST0000276942,0.0
CUST0000276604,0.0
CUST0000276429,0.0
CUST0000276333,0.0
CUST0000276154,0.0
CUST0000275903,0.0
CUST0000275806,1.0
CUST0000275790,0.0
CUST0000275436,0.0
CUST0000275005,0.0
CUST0000274585,0.0
CUST0000274533,1.0
CUST0000274514,0.0
CUST0000274165,0.0
CUST0000274139,0.0
CUST0000274137,0.0
CUST0000274070,0.0
CUST0000273930,0.0
CUST0000273592,0.0
CUST0000273560,0.0
CUST0000273521,0.0
CUST0000273175,0.0
CUST0000273017,0.0
CUST0000272904,0.0
CUST0000272853,0.0
CUST0000272582,0.0
CUST0000272425,0.0
CUST0000272386,1.0
CUST0000272023,0.0
CUST0000271479,1.0
CUST0000270628,0.0
CUST0000270503,1.0
CUST0000270350,0.0
CUST0000268961,0.0
CUST0000268635,0.0
CUST0000268207,0.0
CUST0000268127,0.0
CUST0000267979,0.0
CUST0000267726,0.0
CUST0000267709,0.0
CUST0000267570,0.0
CUST0000267507,0.0
CUST0000267396,0.0
CUST0000267213,0.0
CUST0000267204,0.0
CUST0000266997,1.0
CUST0000266722,0.0
CUST0000266580,0.0
CUST0000266269,1.0
CUST0000266152,0.0
CUST0000266020,0.0
CUST0000265948,0.0
CUST0000265678,0.0
CUST0000265582,0.0
CUST0000265468,1.0
CUST0000265416,0.0
CUST0000265367,0.0
CUST0000265274,0.0
CUST0000265147,0.0
CUST0000265073,0.0
CUST0000264835,0.0
CUST0000264598,1.0
CUST0000264286,1.0
CUST0000264107,0.0
CUST0000264079,0.0
CUST0000263870,0.0
CUST0000263844,0.0
CUST0000263560,1.0
CUST0000263376,0.0
CUST0000263173,0.0
CUST0000262766,1.0
CUST0000262704,0.0
CUST0000261775,0.0
CUST0000261553,0.0
CUST0000261407,1.0
CUST0000261381,0.0
CUST0000261261,0.0
CUST0000261258,0.0
CUST0000261175,0.0
CUST0000261138,1.0
CUST0000260876,0.0
CUST0000260697,0.0
CUST0000260311,0.0
CUST0000259680,0.0
CUST0000259504,0.0
CUST0000259498,0.0
CUST0000259436,1.0
CUST0000259182,0.0
CUST0000259129,0.0
CUST0000258842,0.0
CUST0000258756,0.0
CUST0000258658,0.0
CUST0000258555,0.0
CUST0000258532,0.0
CUST0000258485,0.0
CUST0000258097,0.0
CUST0000257902,0.0
CUST0000257769,0.0
CUST0000257511,0.0
CUST0000257507,0.0
CUST0000256837,0.0
CUST0000256243,0.0
CUST0000256124,0.0
CUST0000256112,0.0
CUST0000255714,0.0
CUST0000255673,1.0
CUST0000255660,0.0
CUST0000255420,0.0
CUST0000255397,0.0
CUST0000255395,0.0
CUST0000255387,0.0
CUST0000255269,1.0
CUST0000255201,1.0
CUST0000255032,1.0
CUST0000254832,1.0
CUST0000254742,1.0
CUST0000254620,1.0
CUST0000254439,0.0
CUST0000253886,0.0
CUST0000253846,0.0
CUST0000253580,0.0
CUST0000253573,0.0
CUST0000253539,1.0
CUST0000253529,0.0
CUST0000253216,0.0
CUST0000253102,0.0
CUST0000252562,1.0
CUST0000252338,0.0
CUST0000252228,0.0
CUST0000251916,0.0
CUST0000251863,0.0
CUST0000251322,0.0
CUST0000250864,0.0
CUST0000250135,0.0
CUST0000249946,0.0
CUST0000249820,1.0
CUST0000249670,0.0
CUST0000249643,1.0
CUST0000249608,0.0
CUST0000249577,0.0
CUST0000249573,0.0
CUST0000249526,0.0
CUST0000248944,0.0
CUST0000248760,1.0
CUST0000248441,0.0
CUST0000248288,0.0
CUST0000248273,0.0
CUST0000248266,0.0
CUST0000248231,0.0
CUST0000248193,0.0
CUST0000248020,1.0
CUST0000247910,0.0
CUST0000247100,0.0
CUST0000247029,1.0
CUST0000246949,0.0
CUST0000246937,0.0
CUST0000246921,0.0
CUST0000246911,1.0
CUST0000246289,0.0
CUST0000246094,0.0
CUST0000246087,0.0
CUST0000245750,0.0
CUST0000245743,0.0
CUST0000245257,1.0
CUST0000245024,0.0
CUST0000244913,0.0
CUST0000244654,0.0
CUST0000244450,1.0
CUST0000244418,0.0
CUST0000244205,1.0
CUST0000244127,0.0
CUST0000244088,1.0
CUST0000243706,1.0
CUST0000243335,0.0
CUST0000243284,1.0
CUST0000243024,0.0
CUST0000242953,0.0
CUST0000242769,1.0
CUST0000242508,0.0
CUST0000242357,0.0
CUST0000242140,0.0
CUST0000241970,1.0
CUST0000241522,1.0
CUST0000241476,1.0
CUST0000241254,0.0
CUST0000241252,0.0
CUST0000241118,1.0
CUST0000240651,0.0
CUST0000240613,0.0
CUST0000240359,1.0
CUST0000240308,0.0
CUST0000240277,0.0
CUST0000240244,0.0
CUST0000240228,0.0
CUST0000240185,0.0
CUST0000239986,0.0
CUST0000239729,1.0
CUST0000239699,0.0
CUST0000239683,0.0
CUST0000239627,1.0
CUST0000238956,0.0
CUST0000238866,0.0
CUST0000238658,0.0
CUST0000238212,1.0
CUST0000238146,0.0
CUST0000238094,0.0
CUST0000237812,1.0
CUST0000237694,0.0
CUST0000236834,1.0
CUST0000236697,0.0
CUST0000236124,0.0
CUST0000235779,0.0
CUST0000235758,0.0
CUST0000235664,0.0
CUST0000234581,1.0
CUST0000234511,0.0
CUST0000234209,1.0
CUST0000234190,0.0
CUST0000234065,1.0
CUST0000233658,0.0
CUST0000233205,0.0
CUST0000232995,1.0
CUST0000232876,0.0
CUST0000232172,0.0
CUST0000232167,0.0
CUST0000231954,1.0
CUST0000231774,0.0
CUST0000231675,0.0
CUST0000231364,0.0
CUST0000231131,0.0
CUST0000230647,1.0
CUST0000230291,0.0
CUST0000229599,0.0
CUST0000229532,0.0
CUST0000229424,0.0
CUST0000229327,0.0
CUST0000229149,0.0
CUST0000229117,0.0
CUST0000228962,0.0
CUST0000228941,0.0
CUST0000228788,0.0
CUST0000228256,0.0
CUST0000227752,1.0
CUST0000227629,0.0
CUST0000227536,0.0
CUST0000227529,1.0
CUST0000227398,1.0
CUST0000227265,0.0
CUST0000227166,0.0
CUST0000227053,0.0
CUST0000227013,0.0
CUST0000226332,1.0
CUST0000225827,0.0
CUST0000225754,0.0
CUST0000225582,0.0
CUST0000225488,0.0
CUST0000225331,0.0
CUST0000225324,0.0
CUST0000225213,0.0
CUST0000225193,0.0
CUST0000225040,0.0
CUST0000224831,0.0
CUST0000224690,1.0
CUST0000224627,1.0
CUST0000224524,0.0
CUST0000224516,0.0
CUST0000224482,0.0
CUST0000224335,0.0
CUST0000224232,1.0
CUST0000224145,0.0
CUST0000224082,1.0
CUST0000223968,0.0
CUST0000223725,0.0
CUST0000223618,1.0
CUST0000223323,1.0
CUST0000223188,0.0
CUST0000223076,0.0
CUST0000222318,0.0
CUST0000222195,0.0
CUST0000221361,0.0
CUST0000221356,0.0
CUST0000221352,1.0
CUST0000221060,1.0
CUST0000221017,0.0
CUST0000220920,0.0
CUST0000220735,1.0
CUST0000220595,0.0
CUST0000220331,0.0
CUST0000220115,0.0
CUST0000219808,1.0
CUST0000219780,1.0
CUST0000219699,0.0
CUST0000219536,1.0
CUST0000219524,0.0
CUST0000219249,0.0
CUST0000219153,0.0
CUST0000218956,0.0
CUST0000218633,0.0
CUST0000218587,0.0
CUST0000218305,0.0
CUST0000218237,0.0
CUST0000217740,1.0
CUST0000217653,0.0
CUST0000217499,1.0
CUST0000217478,0.0
CUST0000217297,0.0
CUST0000216551,0.0
CUST0000216317,0.0
CUST0000216101,1.0
CUST0000215689,0.0
CUST0000215621,0.0
CUST0000215521,0.0
CUST0000215484,1.0
CUST0000215116,0.0
CUST0000214748,0.0
CUST0000214716,0.0
CUST0000214629,1.0
CUST0000214609,0.0
CUST0000214363,0.0
CUST0000214212,0.0
CUST0000213978,0.0
CUST0000213955,0.0
CUST0000213897,1.0
CUST0000213878,0.0
CUST0000213530,0.0
CUST0000213425,0.0
CUST0000212869,0.0
CUST0000212677,1.0
CUST0000212519,0.0
CUST0000212431,0.0
CUST0000212223,0.0
CUST0000212216,0.0
CUST0000212148,0.0
CUST0000212093,1.0
CUST0000212016,0.0
CUST0000211673,1.0
CUST0000211407,0.0
CUST0000211389,1.0
CUST0000211321,0.0
CUST0000211064,0.0
CUST0000211047,0.0
CUST0000210083,0.0
CUST0000209646,0.0
CUST0000209339,0.0
CUST0000209051,0.0
CUST0000209037,0.0
CUST0000208981,1.0
CUST0000208854,1.0
CUST0000208808,1.0
CUST0000208677,0.0
CUST0000208588,1.0
CUST0000208533,0.0
CUST0000207778,0.0
CUST0000207011,1.0
CUST0000206868,0.0
CUST0000206721,0.0
CUST0000206542,0.0
CUST0000206442,0.0
CUST0000206190,0.0
CUST0000206165,1.0
CUST0000206035,0.0
CUST0000205747,0.0
CUST0000205671,1.0
CUST0000205547,0.0
CUST0000205301,0.0
CUST0000205018,0.0
CUST0000204592,0.0
CUST0000204216,0.0
CUST0000204102,0.0
CUST0000204088,0.0
CUST0000204025,1.0
CUST0000204018,0.0
CUST0000203993,0.0
CUST0000203720,1.0
CUST0000203680,0.0
CUST0000203671,1.0
CUST0000203491,0.0
CUST0000203419,1.0
CUST0000203059,0.0
CUST0000203043,0.0
CUST0000202837,0.0
CUST0000202713,0.0
CUST0000202476,0.0
CUST0000202206,0.0
CUST0000201981,0.0
CUST0000201801,0.0
CUST0000201463,1.0
CUST0000201287,1.0
CUST0000200917,0.0
CUST0000200864,0.0
CUST0000200724,1.0
CUST0000200588,0.0
CUST0000200113,0.0
CUST0000200033,1.0
CUST0000199914,0.0
CUST0000199788,0.0
CUST0000199773,0.0
CUST0000199713,1.0
CUST0000199455,1.0
CUST0000199394,0.0
CUST0000199355,0.0
CUST0000199346,0.0
CUST0000199324,0.0
CUST0000199253,0.0
CUST0000199229,0.0
CUST0000199180,0.0
CUST0000199032,0.0
CUST0000198651,0.0
CUST0000198561,0.0
CUST0000198486,0.0
CUST0000198334,1.0
CUST0000198121,0.0
CUST0000198011,0.0
CUST0000197975,1.0
CUST0000197720,0.0
CUST0000197717,0.0
CUST0000197476,1.0
CUST0000197177,0.0
CUST0000197152,0.0
CUST0000197150,0.0
CUST0000196773,0.0
CUST0000196637,1.0
CUST0000196452,0.0
CUST0000196444,0.0
CUST0000196396,0.0
CUST0000196385,0.0
CUST0000196121,0.0
CUST0000195975,0.0
CUST0000195874,0.0
CUST0000195791,1.0
CUST0000195772,0.0
CUST0000195742,0.0
CUST0000195740,0.0
CUST0000195041,0.0
CUST0000194891,0.0
CUST0000194560,1.0
CUST0000194547,0.0
CUST0000194392,0.0
CUST0000194233,0.0
CUST0000193956,0.0
CUST0000193773,0.0
CUST0000193265,1.0
CUST0000193230,1.0
CUST0000193209,0.0
CUST0000193183,1.0
CUST0000193118,0.0
CUST0000193087,0.0
CUST0000193010,0.0
CUST0000192559,1.0
CUST0000192514,0.0
CUST0000191983,0.0
CUST0000191960,0.0
CUST0000191339,0.0
CUST0000191248,1.0
CUST0000191190,0.0
CUST0000190835,1.0
CUST0000190750,0.0
CUST0000190448,1.0
CUST0000190174,0.0
CUST0000190109,1.0
CUST0000189714,1.0
CUST0000189657,0.0
CUST0000189585,0.0
CUST0000189276,1.0
CUST0000188655,0.0
CUST0000188561,1.0
CUST0000188090,0.0
CUST0000188001,1.0
CUST0000187916,0.0
CUST0000187885,0.0
CUST0000187832,1.0
CUST0000187720,0.0
CUST0000187585,0.0
CUST0000186979,0.0
CUST0000186827,0.0
CUST0000186477,0.0
CUST0000186240,0.0
CUST0000185571,0.0
CUST0000185094,0.0
CUST0000184526,0.0
CUST0000184426,0.0
CUST0000183589,1.0
CUST0000183523,0.0
CUST0000183469,0.0
CUST0000183348,0.0
CUST0000183230,1.0
CUST0000183225,0.0
CUST0000183093,0.0
CUST0000182916,0.0
CUST0000182582,0.0
CUST0000182451,1.0
CUST0000182139,0.0
CUST0000181741,1.0
CUST0000181525,0.0
CUST0000180856,0.0
CUST0000180588,0.0
CUST0000180467,0.0
CUST0000180434,0.0
CUST0000180206,1.0
CUST0000180051,1.0
CUST0000180023,0.0
CUST0000179817,0.0
CUST0000179746,0.0
CUST0000179481,0.0
CUST0000179329,0.0
CUST0000179265,0.0
CUST0000179263,0.0
CUST0000179031,0.0
CUST0000178986,0.0
CUST0000178820,0.0
CUST0000178690,0.0
CUST0000178603,0.0
CUST0000178558,0.0
CUST0000178509,0.0
CUST0000178093,1.0
CUST0000177911,0.0
CUST0000177901,0.0
CUST0000177733,1.0
CUST0000177622,0.0
CUST0000177444,0.0
CUST0000177169,0.0
CUST0000177095,0.0
CUST0000176705,1.0
CUST0000176701,0.0
CUST0000176637,0.0
CUST0000176387,0.0
CUST0000176102,0.0
CUST0000176081,1.0
CUST0000176004,0.0
CUST0000175470,0.0
CUST0000175277,1.0
CUST0000175215,0.0
CUST0000175019,0.0
CUST0000174615,0.0
CUST0000174543,0.0
CUST0000174325,0.0
CUST0000173929,0.0
CUST0000173361,0.0
CUST0000173051,1.0
CUST0000172994,0.0
CUST0000172939,0.0
CUST0000171942,1.0
CUST0000171760,0.0
CUST0000170672,0.0
CUST0000170500,1.0
CUST0000170376,0.0
CUST0000169890,0.0
CUST0000169887,0.0
CUST0000169503,1.0
CUST0000169377,0.0
CUST0000169257,0.0
CUST0000169058,0.0
CUST0000168857,0.0
CUST0000168651,0.0
CUST0000168606,0.0
CUST0000168578,1.0
CUST0000168307,0.0
CUST0000168297,1.0
CUST0000168254,0.0
CUST0000168178,0.0
CUST0000168088,0.0
CUST0000167586,0.0
CUST0000167368,1.0
CUST0000167262,1.0
CUST0000167253,0.0
CUST0000167244,0.0
CUST0000167183,0.0
CUST0000167044,0.0
CUST0000166946,1.0
CUST0000166823,0.0
CUST0000166674,0.0
CUST0000166560,1.0
CUST0000166546,0.0
CUST0000166407,0.0
CUST0000166295,0.0
CUST0000166268,0.0
CUST0000166122,0.0
CUST0000166035,0.0
CUST0000165640,0.0
CUST0000165493,1.0
CUST0000165485,0.0
CUST0000165473,0.0
CUST0000165033,0.0
CUST0000164777,0.0
CUST0000164214,0.0
CUST0000163810,0.0
CUST0000163355,0.0
CUST0000163212,0.0
CUST0000162850,0.0
CUST0000162773,0.0
CUST0000162730,0.0
CUST0000162536,1.0
CUST0000162434,0.0
CUST0000162349,0.0
CUST0000162230,0.0
CUST0000162102,1.0
CUST0000161994,0.0
CUST0000161967,0.0
CUST0000161885,0.0
CUST0000161404,0.0
CUST0000161286,0.0
CUST0000161188,1.0
CUST0000160729,0.0
CUST0000160617,1.0
CUST0000160456,0.0
CUST0000160306,0.0
CUST0000159899,0.0
CUST0000159864,0.0
CUST0000159862,0.0
CUST0000159682,0.0
CUST0000159615,1.0
CUST0000158972,0.0
CUST0000158853,0.0
CUST0000158576,0.0
CUST0000158544,0.0
CUST0000158354,0.0
CUST0000158221,0.0
CUST0000157823,0.0
CUST0000157795,1.0
CUST0000157717,0.0
CUST0000157638,0.0
CUST0000157175,1.0
CUST0000157162,0.0
CUST0000157101,1.0
CUST0000156940,1.0
CUST0000156875,1.0
CUST0000156718,0.0
CUST0000156330,0.0
CUST0000156297,0.0
CUST0000156219,1.0
CUST0000156209,0.0
CUST0000156208,0.0
CUST0000156198,0.0
CUST0000156179,0.0
CUST0000155767,0.0
CUST0000155661,0.0
CUST0000155214,0.0
CUST0000154831,0.0
CUST0000154813,1.0
CUST0000154806,0.0
CUST0000154778,0.0
CUST0000154719,0.0
CUST0000154180,1.0
CUST0000154122,0.0
CUST0000154091,0.0
CUST0000153789,0.0
CUST0000153576,1.0
CUST0000153446,0.0
CUST0000153320,0.0
CUST0000152715,1.0
CUST0000152669,1.0
CUST0000152233,0.0
CUST0000151825,0.0
CUST0000151651,0.0
CUST0000151558,1.0
CUST0000151506,1.0
CUST0000151471,0.0
CUST0000151178,0.0
CUST0000151112,1.0
CUST0000151068,1.0
CUST0000150892,0.0
CUST0000150728,1.0
CUST0000150629,1.0
CUST0000150333,0.0
CUST0000150295,0.0
CUST0000150282,0.0
CUST0000149982,1.0
CUST0000149878,0.0
CUST0000149716,0.0
CUST0000149614,0.0
CUST0000149548,1.0
CUST0000149391,0.0
CUST0000149372,0.0
CUST0000149344,0.0
CUST0000149331,0.0
CUST0000149263,0.0
CUST0000149077,0.0
CUST0000149006,0.0
CUST0000148783,0.0
CUST0000148683,1.0
CUST0000147978,0.0
CUST0000147674,0.0
CUST0000147472,0.0
CUST0000147274,0.0
CUST0000146867,0.0
CUST0000146770,0.0
CUST0000146488,0.0
CUST0000146061,1.0
CUST0000146045,1.0
CUST0000145809,0.0
CUST0000145641,0.0
CUST0000145541,0.0
CUST0000145387,1.0
CUST0000145363,0.0
CUST0000145307,0.0
CUST0000145181,0.0
CUST0000144594,1.0
CUST0000144492,0.0
CUST0000144435,0.0
CUST0000144313,0.0
CUST0000144071,0.0
CUST0000143857,0.0
CUST0000143770,0.0
CUST0000143602,0.0
CUST0000143568,0.0
CUST0000143092,0.0
CUST0000143069,1.0
CUST0000143009,0.0
CUST0000142966,1.0
CUST0000142685,1.0
CUST0000142590,0.0
CUST0000142549,0.0
CUST0000142485,0.0
CUST0000142444,0.0
CUST0000142399,1.0
CUST0000142262,0.0
CUST0000142059,0.0
CUST0000142047,0.0
CUST0000141926,1.0
CUST0000141657,0.0
CUST0000141343,1.0
CUST0000141094,0.0
CUST0000140947,0.0
CUST0000140700,0.0
CUST0000140438,0.0
CUST0000140306,0.0
CUST0000139484,0.0
CUST0000139227,1.0
CUST0000138854,0.0
CUST0000138774,0.0
CUST0000138580,0.0
CUST0000138450,0.0
CUST0000138040,0.0
CUST0000137876,0.0
CUST0000137649,0.0
CUST0000137569,0.0
CUST0000137504,0.0
CUST0000136982,0.0
CUST0000135514,0.0
CUST0000135244,1.0
CUST0000135178,1.0
CUST0000134957,0.0
CUST0000134680,1.0
CUST0000134361,0.0
CUST0000134243,0.0
CUST0000133938,0.0
CUST0000133579,0.0
CUST0000133247,0.0
CUST0000132844,0.0
CUST0000132826,0.0
CUST0000132577,0.0
CUST0000132235,0.0
CUST0000132213,0.0
CUST0000132151,0.0
CUST0000131867,0.0
CUST0000131635,0.0
CUST0000131508,1.0
CUST0000131491,0.0
CUST0000131452,1.0
CUST0000131200,0.0
CUST0000131091,0.0
CUST0000130724,0.0
CUST0000130703,0.0
CUST0000130658,0.0
CUST0000130446,1.0
CUST0000130407,1.0
CUST0000129804,1.0
CUST0000129677,0.0
CUST0000129484,0.0
CUST0000129368,0.0
CUST0000129034,1.0
CUST0000128997,0.0
CUST0000128862,1.0
CUST0000128804,1.0
CUST0000128185,0.0
CUST0000128103,0.0
CUST0000127560,1.0
CUST0000127498,0.0
CUST0000127477,0.0
CUST0000127124,0.0
CUST0000126750,0.0
CUST0000126668,0.0
CUST0000126351,0.0
CUST0000126343,1.0
CUST0000126202,0.0
CUST0000126117,1.0
CUST0000125548,1.0
CUST0000125490,1.0
CUST0000125421,0.0
CUST0000125124,0.0
CUST0000125091,0.0
CUST0000125006,0.0
CUST0000124963,0.0
CUST0000124935,1.0
CUST0000124448,1.0
CUST0000124431,0.0
CUST0000124113,0.0
CUST0000123142,1.0
CUST0000122993,1.0
CUST0000122425,0.0
CUST0000122174,1.0
CUST0000122093,0.0
CUST0000121998,0.0
CUST0000121684,1.0
CUST0000121492,0.0
CUST0000121266,1.0
CUST0000121259,0.0
CUST0000121178,0.0
CUST0000120903,1.0
CUST0000120837,0.0
CUST0000120799,0.0
CUST0000120536,0.0
CUST0000120453,0.0
CUST0000120214,0.0
CUST0000120143,0.0
CUST0000120088,0.0
CUST0000119837,0.0
CUST0000119198,0.0
CUST0000117777,0.0
CUST0000117522,1.0
CUST0000117239,0.0
CUST0000116031,1.0
CUST0000115970,0.0
CUST0000115923,0.0
CUST0000115629,0.0
CUST0000115401,0.0
CUST0000115400,0.0
CUST0000115390,0.0
CUST0000115101,0.0
CUST0000114775,0.0
CUST0000114492,0.0
CUST0000114208,0.0
CUST0000113976,0.0
CUST0000113788,0.0
CUST0000112612,0.0
CUST0000112467,0.0
CUST0000112412,0.0
CUST0000112178,0.0
CUST0000111779,0.0
CUST0000111673,0.0
CUST0000111137,0.0
CUST0000110854,0.0
CUST0000110748,1.0
CUST0000110607,0.0
CUST0000110508,0.0
CUST0000110486,0.0
CUST0000110356,0.0
CUST0000109728,0.0
CUST0000109701,1.0
CUST0000109639,0.0
CUST0000109625,0.0
CUST0000109509,1.0
CUST0000109500,0.0
CUST0000109451,1.0
CUST0000109262,1.0
CUST0000109193,0.0
CUST0000109188,0.0
CUST0000109120,1.0
CUST0000109079,0.0
CUST0000107770,0.0
CUST0000107768,0.0
CUST0000107554,0.0
CUST0000107333,1.0
CUST0000107301,0.0
CUST0000107151,0.0
CUST0000106871,0.0
CUST0000106770,0.0
CUST0000106749,1.0
CUST0000106639,0.0
CUST0000106540,0.0
CUST0000106420,0.0
CUST0000105725,1.0
CUST0000105720,0.0
CUST0000105652,0.0
CUST0000105613,0.0
CUST0000105586,0.0
CUST0000105001,0.0
CUST0000104986,0.0
CUST0000104788,1.0
CUST0000104637,0.0
CUST0000104542,0.0
CUST0000104035,0.0
CUST0000103784,0.0
CUST0000103653,0.0
CUST0000103039,0.0
CUST0000102963,0.0
CUST0000102869,0.0
CUST0000102491,1.0
CUST0000102383,0.0
CUST0000102331,0.0
CUST0000102309,0.0
CUST0000102015,0.0
CUST0000101913,1.0
CUST0000101739,1.0
CUST0000101652,0.0
CUST0000101377,1.0
CUST0000101185,0.0
CUST0000101162,0.0
CUST0000101121,0.0
CUST0000100955,0.0
CUST0000100914,0.0
CUST0000100897,0.0
CUST0000100865,0.0
CUST0000100629,0.0
CUST0000100432,0.0
CUST0000100419,0.0
CUST0000099557,0.0
CUST0000099530,0.0
CUST0000099465,0.0
CUST0000099315,0.0
CUST0000099026,0.0
CUST0000098812,1.0
CUST0000098775,0.0
CUST0000098598,1.0
CUST0000098592,1.0
CUST0000098418,1.0
CUST0000098337,0.0
CUST0000098174,0.0
CUST0000097732,0.0
CUST0000097667,0.0
CUST0000097286,1.0
CUST0000097252,0.0
CUST0000097226,0.0
CUST0000097065,0.0
CUST0000096570,0.0
CUST0000096525,0.0
CUST0000096346,0.0
CUST0000096331,1.0
CUST0000096239,0.0
CUST0000095739,0.0
CUST0000095712,0.0
CUST0000095209,1.0
CUST0000095092,1.0
CUST0000095091,1.0
CUST0000094763,0.0
CUST0000094693,1.0
CUST0000094518,1.0
CUST0000094387,0.0
CUST0000093607,0.0
CUST0000093216,0.0
CUST0000092839,0.0
CUST0000092719,1.0
CUST0000092674,0.0
CUST0000092645,0.0
CUST0000092637,1.0
CUST0000092460,0.0
CUST0000092328,0.0
CUST0000092269,0.0
CUST0000092201,0.0
CUST0000092187,0.0
CUST0000092176,0.0
CUST0000091896,0.0
CUST0000091796,1.0
CUST0000091697,0.0
CUST0000091671,0.0
CUST0000091646,1.0
CUST0000091625,0.0
CUST0000091271,0.0
CUST0000091257,1.0
CUST0000091090,0.0
CUST0000090957,0.0
CUST0000090870,1.0
CUST0000090867,1.0
CUST0000090508,0.0
CUST0000090376,0.0
CUST0000090072,0.0
CUST0000089962,1.0
CUST0000089820,0.0
CUST0000089711,0.0
CUST0000089501,0.0
CUST0000089485,1.0
CUST0000089459,0.0
CUST0000088955,0.0
CUST0000088904,1.0
CUST0000088853,0.0
CUST0000088813,1.0
CUST0000088701,0.0
CUST0000088620,0.0
CUST0000088575,0.0
CUST0000088415,0.0
CUST0000088309,0.0
CUST0000088232,0.0
CUST0000088073,0.0
CUST0000087895,0.0
CUST0000087850,0.0
CUST0000087833,0.0
CUST0000087799,0.0
CUST0000086976,0.0
CUST0000086940,0.0
CUST0000086931,1.0
CUST0000086810,1.0
CUST0000086768,0.0
CUST0000086754,1.0
CUST0000086516,0.0
CUST0000086468,1.0
CUST0000085841,0.0
CUST0000085537,0.0
CUST0000085435,0.0
CUST0000085396,0.0
CUST0000085249,0.0
CUST0000085180,0.0
CUST0000084985,0.0
CUST0000084889,1.0
CUST0000084849,0.0
CUST0000084519,0.0
CUST0000084449,0.0
CUST0000083736,0.0
CUST0000083735,1.0
CUST0000083700,0.0
CUST0000082523,0.0
CUST0000082456,0.0
CUST0000082206,0.0
CUST0000081993,0.0
CUST0000081683,0.0
CUST0000081381,0.0
CUST0000081357,0.0
CUST0000081326,0.0
CUST0000081255,0.0
CUST0000081109,1.0
CUST0000080905,1.0
CUST0000080684,1.0
CUST0000080630,0.0
CUST0000080372,0.0
CUST0000080301,0.0
CUST0000079790,0.0
CUST0000079529,0.0
CUST0000079207,0.0
CUST0000079125,0.0
CUST0000079114,0.0
CUST0000078889,0.0
CUST0000078777,0.0
CUST0000078429,0.0
CUST0000078328,0.0
CUST0000078020,0.0
CUST0000077998,0.0
CUST0000077708,0.0
CUST0000077478,1.0
CUST0000077294,0.0
CUST0000077221,1.0
CUST0000076793,0.0
CUST0000076787,0.0
CUST0000076243,0.0
CUST0000076091,0.0
CUST0000076078,0.0
CUST0000075376,0.0
CUST0000075112,0.0
CUST0000075013,1.0
CUST0000074825,0.0
CUST0000074601,0.0
CUST0000074550,1.0
CUST0000074341,0.0
CUST0000073777,0.0
CUST0000073199,0.0
CUST0000072800,0.0
CUST0000072578,0.0
CUST0000072124,0.0
CUST0000071732,0.0
CUST0000071511,1.0
CUST0000071264,0.0
CUST0000071220,1.0
CUST0000070986,0.0
CUST0000070949,0.0
CUST0000070207,0.0
CUST0000069832,1.0
CUST0000069624,0.0
CUST0000069477,1.0
CUST0000069011,0.0
CUST0000068797,0.0
CUST0000068730,0.0
CUST0000068170,0.0
CUST0000067889,1.0
CUST0000067848,1.0
CUST0000067841,0.0
CUST0000067605,0.0
CUST0000067158,0.0
CUST0000066762,0.0
CUST0000066462,0.0
CUST0000066423,0.0
CUST0000066327,1.0
CUST0000065671,0.0
CUST0000065468,0.0
CUST0000063939,0.0
CUST0000063646,0.0
CUST0000063172,1.0
CUST0000063144,1.0
CUST0000063103,0.0
CUST0000062946,0.0
CUST0000062891,0.0
CUST0000062780,0.0
CUST0000062382,0.0
CUST0000062236,0.0
CUST0000062146,1.0
CUST0000062102,1.0
CUST0000062082,0.0
CUST0000061695,0.0
CUST0000061472,0.0
CUST0000061263,0.0
CUST0000061224,1.0
CUST0000061214,0.0
CUST0000061162,0.0
CUST0000060847,0.0
CUST0000060800,0.0
CUST0000060707,0.0
CUST0000060410,0.0
CUST0000060281,1.0
CUST0000060098,1.0
CUST0000060094,0.0
CUST0000060014,0.0
CUST0000059541,0.0
CUST0000059470,0.0
CUST0000059001,0.0
CUST0000058875,0.0
CUST0000058634,0.0
CUST0000058615,1.0
CUST0000058498,1.0
CUST0000057790,1.0
CUST0000057417,0.0
CUST0000057088,0.0
CUST0000057033,0.0
CUST0000056956,1.0
CUST0000056849,0.0
CUST0000056664,1.0
CUST0000056533,0.0
CUST0000056276,0.0
CUST0000055988,1.0
CUST0000055931,0.0
CUST0000055829,0.0
CUST0000055631,0.0
CUST0000055396,0.0
CUST0000055392,0.0
CUST0000055381,0.0
CUST0000055276,0.0
CUST0000055165,1.0
CUST0000055116,1.0
CUST0000055064,0.0
CUST0000055017,1.0
CUST0000054846,1.0
CUST0000054804,0.0
CUST0000054771,1.0
CUST0000054756,0.0
CUST0000054749,0.0
CUST0000054115,0.0
CUST0000053961,0.0
CUST0000053837,0.0
CUST0000053659,0.0
CUST0000053580,1.0
CUST0000053339,1.0
CUST0000053274,0.0
CUST0000052887,1.0
CUST0000052765,0.0
CUST0000052443,0.0
CUST0000051975,0.0
CUST0000051933,0.0
CUST0000051369,0.0
CUST0000050558,1.0
CUST0000050344,0.0
CUST0000050331,0.0
CUST0000050163,0.0
CUST0000050133,1.0
CUST0000049880,0.0
CUST0000049621,0.0
CUST0000049612,0.0
CUST0000049591,0.0
CUST0000049454,0.0
CUST0000049424,0.0
CUST0000049271,1.0
CUST0000049075,0.0
CUST0000048950,1.0
CUST0000048357,0.0
CUST0000048320,0.0
CUST0000048286,0.0
CUST0000048202,0.0
CUST0000048128,1.0
CUST0000048091,0.0
CUST0000047909,0.0
CUST0000047889,0.0
CUST0000047548,0.0
CUST0000047261,0.0
CUST0000047027,0.0
CUST0000047009,1.0
CUST0000046773,1.0
CUST0000046755,0.0
CUST0000046609,1.0
CUST0000046594,0.0
CUST0000046556,0.0
CUST0000046348,0.0
CUST0000046097,0.0
CUST0000045979,0.0
CUST0000045451,0.0
CUST0000044868,1.0
CUST0000044856,0.0
CUST0000044799,1.0
CUST0000044673,1.0
CUST0000044470,0.0
CUST0000044201,1.0
CUST0000043446,1.0
CUST0000043417,0.0
CUST0000043090,0.0
CUST0000043076,0.0
CUST0000042928,0.0
CUST0000042921,0.0
CUST0000042509,1.0
CUST0000042419,0.0
CUST0000042355,1.0
CUST0000042324,0.0
CUST0000042310,0.0
CUST0000042133,0.0
CUST0000041920,0.0
CUST0000041792,0.0
CUST0000041705,0.0
CUST0000041637,0.0
CUST0000041397,0.0
CUST0000041315,0.0
CUST0000041292,1.0
CUST0000041142,0.0
CUST0000040819,0.0
CUST0000040788,0.0
CUST0000040366,0.0
CUST0000040270,0.0
CUST0000039924,0.0
CUST0000039828,0.0
CUST0000039817,1.0
CUST0000039589,0.0
CUST0000039473,0.0
CUST0000039202,0.0
CUST0000039024,0.0
CUST0000038793,0.0
CUST0000038166,0.0
CUST0000038162,0.0
CUST0000038061,1.0
CUST0000038037,0.0
CUST0000037843,0.0
CUST0000037746,0.0
CUST0000037542,0.0
CUST0000037401,1.0
CUST0000037150,0.0
CUST0000036792,0.0
CUST0000036781,1.0
CUST0000035935,0.0
CUST0000034450,0.0
CUST0000034375,0.0
CUST0000034023,0.0
CUST0000033514,0.0
CUST0000033395,0.0
CUST0000033304,0.0
CUST0000032813,0.0
CUST0000032697,0.0
CUST0000032568,0.0
CUST0000031996,1.0
CUST0000031564,1.0
CUST0000031428,0.0
CUST0000030585,0.0
CUST0000030521,0.0
CUST0000030374,0.0
CUST0000030086,1.0
CUST0000029952,0.0
CUST0000029729,0.0
CUST0000029587,0.0
CUST0000029392,0.0
CUST0000029326,0.0
CUST0000029233,0.0
CUST0000029009,0.0
CUST0000028627,0.0
CUST0000028257,1.0
CUST0000028109,0.0
CUST0000028077,0.0
CUST0000028030,1.0
CUST0000027873,0.0
CUST0000027371,0.0
CUST0000027294,1.0
CUST0000027188,0.0
CUST0000026911,0.0
CUST0000026732,0.0
CUST0000026547,0.0
CUST0000026426,1.0
CUST0000025691,1.0
CUST0000025682,0.0
CUST0000025672,1.0
CUST0000025657,0.0
CUST0000025448,0.0
CUST0000025292,1.0
CUST0000025221,0.0
CUST0000025217,0.0
CUST0000024896,0.0
CUST0000024790,1.0
CUST0000024653,0.0
CUST0000024551,1.0
CUST0000024442,1.0
CUST0000023985,1.0
CUST0000023876,1.0
CUST0000023874,1.0
CUST0000023729,1.0
CUST0000023618,0.0
CUST0000023406,0.0
CUST0000023371,1.0
CUST0000023291,0.0
CUST0000022814,0.0
CUST0000022415,0.0
CUST0000022316,0.0
CUST0000022234,0.0
CUST0000021723,0.0
CUST0000021287,0.0
CUST0000021007,0.0
CUST0000020908,0.0
CUST0000020571,0.0
CUST0000020029,0.0
CUST0000019987,1.0
CUST0000019986,1.0
CUST0000019980,0.0
CUST0000019629,0.0
CUST0000019499,1.0
CUST0000019337,1.0
CUST0000019017,1.0
CUST0000018943,0.0
CUST0000018911,0.0
CUST0000018830,0.0
CUST0000018583,0.0
CUST0000018545,0.0
CUST0000018482,1.0
CUST0000018390,0.0
CUST0000018190,0.0
CUST0000017968,0.0
CUST0000017681,1.0
CUST0000017545,0.0
CUST0000017220,0.0
CUST0000017071,1.0
CUST0000017060,1.0
CUST0000016975,0.0
CUST0000016376,0.0
CUST0000016305,0.0
CUST0000016087,0.0
CUST0000015976,0.0
CUST0000015949,0.0
CUST0000015843,0.0
CUST0000015147,1.0
CUST0000014944,1.0
CUST0000014942,0.0
CUST0000014855,1.0
CUST0000014840,0.0
CUST0000014549,0.0
CUST0000014241,0.0
CUST0000013725,0.0
CUST0000013675,1.0
CUST0000013530,0.0
CUST0000013461,0.0
CUST0000013075,0.0
CUST0000012535,0.0
CUST0000012470,0.0
CUST0000012357,0.0
CUST0000012241,0.0
CUST0000012055,0.0
CUST0000011873,0.0
CUST0000011647,0.0
CUST0000011546,0.0
CUST0000011232,0.0
CUST0000011182,0.0
CUST0000011068,0.0
CUST0000010950,0.0
CUST0000010921,0.0
CUST0000010805,0.0
CUST0000010712,0.0
CUST0000010532,0.0
CUST0000010509,0.0
CUST0000010288,0.0
CUST0000009875,1.0
CUST0000009737,0.0
CUST0000009537,0.0
CUST0000009422,0.0
CUST0000008910,0.0
CUST0000008879,0.0
CUST0000008716,1.0
CUST0000008640,0.0
CUST0000008483,0.0
CUST0000008235,0.0
CUST0000008206,1.0
CUST0000008112,1.0
CUST0000007988,0.0
CUST0000007634,1.0
CUST0000007540,1.0
CUST0000007046,0.0
CUST0000006976,0.0
CUST0000006445,0.0
CUST0000006394,0.0
CUST0000006239,0.0
CUST0000005874,0.0
CUST0000005739,0.0
CUST0000005388,0.0
CUST0000005053,0.0
CUST0000004825,0.0
CUST0000004696,0.0
CUST0000004457,0.0
CUST0000004287,0.0
CUST0000004239,0.0
CUST0000003603,1.0
CUST0000003447,0.0
CUST0000003347,0.0
CUST0000003190,0.0
CUST0000002678,0.0
CUST0000002623,1.0
CUST0000002245,0.0
CUST0000002218,0.0
CUST0000001962,0.0
CUST0000001480,0.0
CUST0000001437,0.0
CUST0000001400,0.0
CUST0000001392,0.0
CUST0000001148,0.0
CUST0000001098,0.0
CUST0000001058,1.0
CUST0000001052,0.0
CUST0000000679,0.0
CUST0000000055,0.0
CUST0000000013,0.0
