SHOP_DATE,TOTAL_SPEND,STORE_FORMAT
2006-05-14,268.31,SS
2006-05-18,355.38,SS
2007-05-23,3671.1799999999948,LS
2007-06-14,1228.4299999999994,MS
2007-09-03,418.62,XLS
2006-09-25,1004.9700000000003,MS
2007-10-07,3414.9099999999967,LS
2006-10-27,3663.4900000000011,LS
2006-05-25,4085.19,LS
2007-07-13,4444.65,LS
2007-09-05,4325.2499999999945,LS
2006-10-31,4089.3500000000008,LS
2006-05-28,4084.1799999999985,LS
2007-05-27,4415.1899999999951,LS
2007-05-28,921.00000000000034,MS
2006-08-02,1201.6899999999994,MS
2007-04-25,4173.6699999999983,LS
2006-07-30,3883.2999999999965,LS
2007-08-19,3348.7199999999984,LS
2006-10-04,3571.529999999997,LS
2006-11-10,233.07999999999998,SS
2006-06-22,539.90000000000009,XLS
2007-10-10,3398.5199999999986,LS
2007-05-01,3868.2200000000012,LS
2006-08-05,289.53999999999996,SS
2007-08-03,4102.4599999999991,LS
2007-06-03,1567.6999999999985,MS
2006-04-15,4005.130000000001,LS
2006-09-24,3582.8399999999947,LS
2007-05-18,3768.7799999999975,LS
2007-09-22,3300.9699999999957,LS
2007-10-09,936.7299999999999,MS
2007-11-12,1264.5600000000002,MS
2006-04-16,3474.8700000000017,LS
2006-07-08,977.22,MS
2007-08-06,3708.0199999999977,LS
2006-11-02,934.88999999999987,MS
2006-10-31,438.86999999999995,XLS
2006-04-26,505.2299999999999,XLS
2007-04-24,353.04999999999995,XLS
2006-05-21,4325.5599999999986,LS
2006-07-20,302.51,SS
2006-09-27,643.81,XLS
2007-11-25,3533.059999999994,LS
2006-05-17,4174.91,LS
2007-08-03,1340.27,MS
2006-09-27,1071.5599999999995,MS
2006-04-13,636.09999999999991,XLS
2006-04-16,1080.2900000000004,MS
2007-05-02,4500.3499999999958,LS
2006-05-14,1181.61,MS
2006-07-12,4017.5599999999977,LS
2006-07-21,376.41000000000008,XLS
2007-05-13,1068.0700000000002,MS
2007-05-20,398.05000000000007,SS
2006-10-05,3621.1999999999994,LS
2006-10-18,3457.130000000001,LS
2007-11-16,1348.02,MS
2007-06-26,495.5300000000002,SS
2006-04-24,4134.8599999999951,LS
2007-08-29,289.60000000000008,SS
2006-11-28,4471.2199999999993,LS
2007-07-18,3818.2900000000022,LS
2006-11-14,383.49999999999994,XLS
2006-04-11,3822.1000000000004,LS
2007-07-31,1009.6099999999997,MS
2007-08-25,4168.6599999999962,LS
2006-10-05,384.41999999999996,XLS
2006-10-06,3560.6100000000006,LS
2007-10-16,3653.630000000001,LS
2007-10-17,4268.63,LS
2006-04-15,288.64000000000004,SS
2006-04-24,1182.2799999999995,MS
2007-10-15,3539.139999999999,LS
2007-01-27,3814.6699999999969,LS
2008-03-26,3686.6199999999981,LS
2008-03-28,3878.3599999999951,LS
2007-01-16,381.58000000000015,SS
2006-12-11,807.3,XLS
2007-06-13,4237.8299999999927,LS
2006-08-26,3483.0199999999982,LS
2007-09-04,3942.1699999999978,LS
2007-09-18,1213.329999999999,MS
2006-09-18,3965.4699999999971,LS
2006-10-26,3589.9199999999996,LS
2007-12-15,1595.9700000000005,MS
2008-02-24,4105.5899999999992,LS
2006-11-29,668.99,XLS
2007-02-20,314.32000000000005,XLS
2007-02-25,1577.44,MS
2006-06-03,3499.0099999999993,LS
2006-09-01,3840.2799999999952,LS
2007-04-24,4005.5399999999954,LS
2006-05-19,4139.729999999995,LS
2006-06-15,3702.9099999999967,LS
2007-10-29,463.07999999999993,XLS
2007-12-22,1644.4699999999989,MS
2006-04-20,3765.1299999999974,LS
2007-07-07,1529.4800000000005,MS
2007-10-01,482.8300000000001,XLS
2006-07-22,4010.2399999999943,LS
2006-07-23,1175.5100000000007,MS
2007-02-26,1283.29,MS
2008-04-29,4582.5799999999981,LS
2006-05-27,297.63,SS
2007-08-27,1370.2800000000007,MS
2006-09-12,1171.75,MS
2007-05-17,3922.3899999999985,LS
2006-06-22,352.94999999999993,SS
2007-07-03,421.41999999999996,XLS
2007-10-01,1320.6099999999997,MS
2006-10-14,3579.8399999999992,LS
2008-03-16,1231.27,MS
2008-03-20,4054.75,LS
2008-04-06,3303.7599999999966,LS
2007-05-26,4217.7599999999975,LS
2006-06-04,4396.1699999999983,LS
2007-08-16,553.94,XLS
2007-10-25,448.08999999999992,XLS
2006-11-06,327.05,SS
2007-06-22,647.41000000000008,XLS
2007-07-08,5249.6199999999981,LS
2007-11-01,4539.7699999999959,LS
2008-02-21,4057.4000000000005,LS
2008-04-11,4288.18,LS
2007-09-25,4205.1499999999969,LS
2007-06-06,3893.3900000000012,LS
2006-10-24,3600.909999999998,LS
2007-06-27,4305.0200000000013,LS
2007-07-06,4038.4799999999973,LS
2006-07-31,4398.7499999999991,LS
2007-10-26,3325.2599999999929,LS
2006-11-29,4380.58,LS
2007-11-16,3639.6899999999932,LS
2006-05-06,3742.0300000000034,LS
2007-05-18,374.62999999999988,SS
2006-08-28,4231.4600000000009,LS
2007-08-01,1210.45,MS
2007-01-09,4055.6199999999967,LS
2007-04-03,3962.5599999999977,LS
2006-07-31,1223.7800000000011,MS
2007-08-08,2989.9599999999991,LS
2007-01-31,474.36,XLS
2007-05-27,340.22,SS
2007-06-10,4403.7399999999925,LS
2007-01-15,268.11999999999995,SS
2007-04-17,545.62999999999988,XLS
2007-07-11,1438.7200000000007,MS
2006-05-16,1592.8599999999988,MS
2006-10-03,4026.9599999999973,LS
2006-11-13,1004.0800000000002,MS
2006-11-22,293.34999999999991,SS
2007-01-15,4171.77,LS
2006-06-17,1079.0800000000002,MS
2007-09-23,3887.7499999999982,LS
2008-01-04,3797.1499999999978,LS
2006-12-10,3586.7999999999993,LS
2008-02-25,262.31999999999994,SS
2007-04-19,837.55,MS
2008-03-31,3807.219999999998,LS
2007-02-11,4231.7899999999991,LS
2006-12-04,3841.7999999999993,LS
2008-03-25,392.23,XLS
2008-04-16,1200.27,MS
2007-12-14,4336.27,LS
2008-01-26,1371.3000000000002,MS
2008-01-07,4040.8499999999995,LS
2007-03-27,872.73,MS
2007-12-06,1276.4800000000005,MS
2007-04-05,3855.7499999999973,LS
2007-03-31,3905.4399999999973,LS
2007-12-23,6415.8200000000061,LS
2008-03-07,231.07999999999998,SS
2008-01-02,946.50000000000023,MS
2007-12-20,451.15000000000009,SS
2007-04-22,3825.569999999997,LS
2008-04-20,3991.3600000000024,LS
2008-02-28,364.79999999999995,SS
2007-01-31,968.46000000000026,MS
2008-03-23,4666.29,LS
2008-04-27,3711.4599999999973,LS
2007-03-09,360.74,SS
2007-12-15,511.81999999999982,XLS
2008-03-16,492.83000000000004,XLS
2007-12-12,1273.7199999999998,MS
2008-04-14,1254.1299999999999,MS
2007-01-30,4379.7999999999956,LS
2008-04-18,3761.0499999999947,LS
2007-01-21,3405.8199999999993,LS
2007-04-08,4508.0999999999985,LS
2008-04-22,3286.649999999996,LS
2007-01-08,3524.4099999999971,LS
2008-01-22,3422.1199999999981,LS
2006-05-01,4230.2000000000016,LS
2006-08-15,362.53999999999985,XLS
2008-02-08,1020.21,MS
2008-03-16,4217.5599999999968,LS
2008-03-11,1108.44,MS
2007-07-10,4455.4699999999975,LS
2007-12-15,4058.6699999999964,LS
2006-11-18,3658.5599999999981,LS
2007-09-24,448.9699999999998,SS
2006-06-07,1125.05,MS
2007-09-06,4434.8899999999958,LS
2008-03-11,3993.2499999999986,LS
2007-12-27,819.3400000000006,MS
2006-07-07,1016.51,MS
2007-09-07,4234.5099999999966,LS
2006-05-15,3860.3099999999968,LS
2006-08-09,300.29,SS
2007-12-13,596.75,XLS
2006-04-20,227.89,SS
2007-12-18,1945.69,MS
2007-04-09,248.3,SS
2007-03-04,300.46999999999997,SS
2006-10-08,3155.6799999999976,LS
2008-03-30,3546.6400000000035,LS
2007-08-29,3823.0999999999995,LS
2007-01-01,1037.8700000000001,MS
2007-10-14,3683.7699999999982,LS
2007-10-30,1242.71,MS
2007-02-08,3925.1399999999967,LS
2008-02-21,468.37,SS
2007-01-01,3299.6699999999964,LS
2008-04-01,1144.7000000000003,MS
2007-01-22,835.19999999999959,MS
2006-09-02,4201.61,LS
2007-04-07,3744.3099999999954,LS
2006-08-13,3337.5899999999997,LS
2006-07-01,1249.6599999999999,MS
2007-03-08,1259.5500000000006,MS
2006-12-05,1026.3099999999997,MS
2007-11-22,1645.619999999999,MS
2008-01-25,868.11000000000081,MS
2007-09-01,422.90000000000009,XLS
2007-12-25,1152.0,MS
2007-02-10,3807.2899999999954,LS
2006-06-18,3804.2499999999945,LS
2007-01-20,315.79000000000008,SS
2006-08-03,3558.3400000000011,LS
2007-10-01,3707.97,LS
2007-08-22,560.91,XLS
2008-04-28,4360.5199999999968,LS
2008-03-07,3775.3899999999967,LS
2007-03-22,4072.3999999999969,LS
2008-02-05,1444.0599999999988,MS
2006-11-01,4467.24,LS
2006-05-20,3820.3199999999988,LS
2008-02-05,214.04999999999998,SS
2008-04-03,3372.1799999999985,LS
2006-08-13,173.45999999999998,SS
2007-04-28,3822.8799999999919,LS
2006-08-17,3649.9999999999991,LS
2006-09-02,920.87999999999988,MS
2006-08-08,3337.3799999999987,LS
2007-11-21,4490.7900000000027,LS
2006-10-04,880.33999999999969,MS
2006-10-19,359.25999999999988,SS
2007-05-08,1137.9,MS
2006-11-04,158.98000000000002,SS
2007-06-03,4401.3399999999983,LS
2006-04-14,193.81,SS
2007-06-20,264.32000000000005,SS
2006-06-21,4388.2100000000009,LS
2006-10-10,1542.5500000000018,MS
2008-03-21,1179.7500000000002,MS
2007-02-02,3547.3699999999963,LS
2006-07-19,4601.2500000000018,LS
2006-12-31,2470.1600000000017,LS
2008-04-30,961.67999999999938,MS
2008-02-19,299.64,SS
2007-05-25,1523.3799999999978,MS
2006-11-14,1634.4199999999987,MS
2008-01-12,1101.6299999999994,MS
2007-01-29,268.95000000000005,SS
2008-03-27,1001.6800000000003,MS
2007-01-13,3522.949999999998,LS
2007-02-28,421.72000000000014,SS
2006-11-27,4241.1599999999962,LS
2006-07-11,495.14000000000004,XLS
2007-04-07,1201.1899999999996,MS
2007-10-19,3655.8499999999967,LS
2006-10-26,262.62,SS
2006-10-27,440.88000000000011,XLS
2007-06-09,1122.79,MS
2007-10-23,228.40000000000003,SS
2007-03-09,3548.3999999999987,LS
2007-12-09,326.34,SS
2007-07-19,4106.2999999999993,LS
2006-05-29,4006.7099999999964,LS
2006-07-04,3829.2099999999964,LS
2008-02-14,1232.46,MS
2007-05-07,384.11,SS
2007-08-25,1042.62,MS
2007-01-24,249.04,SS
2007-04-02,970.11999999999978,MS
2008-03-08,1414.8299999999995,MS
2007-04-15,743.01000000000022,XLS
2007-06-11,569.43999999999994,XLS
2006-07-20,1444.9000000000003,MS
2006-09-20,323.9799999999999,SS
2007-09-09,3452.1499999999996,LS
2007-01-23,476.75999999999993,XLS
2006-06-25,1276.6299999999994,MS
2007-07-02,417.21000000000004,SS
2007-01-18,311.10000000000008,SS
2006-11-24,3958.6599999999935,LS
2007-04-20,3993.0199999999977,LS
2006-04-10,3892.87,LS
2006-09-22,1000.7699999999998,MS
2007-12-14,351.62000000000006,SS
2008-04-29,213.92999999999995,SS
2006-09-29,1149.12,MS
2007-12-13,463.46999999999997,SS
2006-04-21,4058.969999999993,LS
2006-09-06,1156.23,MS
2006-12-12,4587.8099999999959,LS
2008-02-07,3167.9599999999982,LS
2008-02-28,1227.7800000000002,MS
2008-02-02,3860.2999999999979,LS
2006-04-11,1012.0500000000002,MS
2006-09-15,1087.46,MS
2006-05-12,3513.66,LS
2007-10-08,3500.4799999999959,LS
2007-06-12,376.78999999999985,SS
2006-12-15,352.04999999999995,SS
2006-06-13,4140.4299999999994,LS
2007-06-19,4115.6699999999973,LS
2008-03-03,3256.819999999997,LS
2008-01-26,3051.619999999999,LS
2007-12-21,1482.53,MS
2006-09-04,1391.7799999999997,MS
2007-08-31,418.06999999999988,SS
2007-11-06,1434.9700000000003,MS
2008-04-30,4324.9199999999983,LS
2007-09-08,3640.9599999999982,LS
2006-09-13,3807.449999999998,LS
2006-10-16,155.20999999999998,SS
2006-08-19,3741.4399999999969,LS
2006-05-07,981.81,MS
2006-06-16,3929.9100000000008,LS
2007-10-24,304.89,SS
2007-03-25,1151.2099999999996,MS
2008-02-08,357.89,SS
2006-11-13,326.15,SS
2007-09-29,4175.7800000000025,LS
2006-12-12,439.87999999999988,SS
2007-09-15,463.47,SS
2006-12-25,2915.6699999999992,LS
2006-11-12,284.32000000000005,SS
2006-04-23,149.18999999999997,SS
2006-06-12,4397.7300000000014,LS
2008-04-13,268.95000000000005,SS
2008-01-27,270.45000000000005,SS
2008-02-12,259.57000000000005,SS
2007-07-16,255.74999999999994,XLS
2006-07-13,4036.139999999999,LS
2007-04-29,1333.4900000000007,MS
2006-11-04,4156.5799999999927,LS
2006-08-10,512.4699999999998,XLS
2006-11-08,1200.1299999999994,MS
2007-11-17,1489.4999999999995,MS
2007-12-20,5442.6499999999951,LS
2007-02-10,1391.9899999999993,MS
2008-01-19,378.44999999999993,SS
2006-05-23,4288.3200000000015,LS
2007-01-26,3697.1800000000003,LS
2007-07-22,444.9000000000002,XLS
2007-02-06,3659.2100000000009,LS
2008-01-23,1310.3900000000008,MS
2007-02-24,3835.399999999996,LS
2007-03-15,1295.5000000000007,MS
2008-03-13,4890.689999999996,LS
2006-04-12,522.42000000000007,XLS
2006-04-10,412.36999999999989,SS
2006-04-20,1296.2299999999996,MS
2006-04-22,509.78999999999974,XLS
2006-04-19,1048.6100000000004,MS
2007-04-29,3584.5699999999979,LS
2006-04-28,1231.0900000000008,MS
2006-04-25,1062.5199999999995,MS
2007-04-24,1254.2599999999998,MS
2007-04-25,752.27,XLS
2007-05-05,3861.8,LS
2007-04-30,3884.5999999999958,LS
2007-05-11,1060.8299999999997,MS
2007-05-08,393.54999999999995,XLS
2006-05-07,4446.2699999999995,LS
2006-05-05,3791.8000000000011,LS
2006-05-10,768.92000000000007,MS
2006-05-13,3983.9100000000017,LS
2006-05-12,607.1500000000002,XLS
2007-05-10,3823.4599999999932,LS
2007-05-19,4540.6799999999967,LS
2007-05-20,3932.8399999999956,LS
2007-05-15,1310.7300000000005,MS
2006-05-21,365.5,SS
2006-05-15,1009.69,MS
2006-05-18,4036.4499999999975,LS
2006-05-22,304.58000000000004,SS
2006-05-25,1432.4100000000003,MS
2007-05-25,3605.5799999999963,LS
2007-05-24,4535.8399999999983,LS
2007-05-21,4027.1400000000017,LS
2007-06-01,3885.7899999999968,LS
2007-05-30,3538.3199999999933,LS
2007-06-07,3566.4599999999964,LS
2007-06-04,1341.1799999999998,MS
2007-06-05,1220.6400000000003,MS
2007-06-15,1041.7199999999996,MS
2006-05-24,4011.0899999999965,LS
2006-06-02,3616.329999999999,LS
2007-06-17,4936.6399999999912,LS
2006-06-05,3874.8999999999996,LS
2006-06-09,3786.4000000000005,LS
2006-06-09,210.73000000000002,SS
2006-06-09,564.08999999999958,XLS
2007-06-18,4391.3000000000011,LS
2007-06-23,4347.8099999999995,LS
2007-06-20,444.47,XLS
2007-06-29,1018.5100000000002,MS
2007-06-30,373.44000000000017,XLS
2006-06-14,4003.819999999997,LS
2006-06-24,3759.5099999999966,LS
2006-06-19,914.45999999999981,MS
2006-06-29,450.07999999999987,XLS
2006-07-02,1077.3100000000002,MS
2006-06-27,4031.4899999999989,LS
2007-07-04,652.36999999999989,XLS
2007-07-03,3504.4199999999946,LS
2007-07-13,1116.44,MS
2007-07-14,1267.4099999999994,MS
2007-07-09,3833.1099999999969,LS
2006-07-09,1364.9299999999998,MS
2006-07-05,3236.7500000000009,LS
2006-07-07,3790.5099999999984,LS
2006-07-14,4744.5400000000027,LS
2006-07-14,1107.4200000000008,MS
2007-07-17,387.1099999999999,SS
2007-07-22,3270.5099999999975,LS
2007-07-20,1148.41,MS
2006-07-15,1355.8899999999999,MS
2006-07-13,594.44999999999982,XLS
2006-07-17,1247.6899999999996,MS
2006-07-23,3571.550000000002,LS
2006-07-18,4253.8500000000022,LS
2007-07-22,1235.1400000000003,MS
2007-07-18,626.49000000000012,XLS
2007-07-16,429.77,SS
2007-07-27,3645.6599999999985,LS
2007-07-29,4025.5399999999972,LS
2007-07-23,454.77999999999963,SS
2006-07-20,4267.3499999999985,LS
2006-07-28,471.50000000000006,XLS
2006-07-27,445.57999999999993,XLS
2006-07-26,4400.510000000002,LS
2006-07-30,1195.1599999999989,MS
2006-08-04,4186.4399999999969,LS
2006-08-01,988.55000000000052,MS
2006-08-11,418.84999999999997,XLS
2006-08-07,216.28000000000006,SS
2007-08-04,3505.2299999999987,LS
2007-07-30,3859.1199999999944,LS
2007-08-04,1344.0199999999998,MS
2007-08-12,3886.6099999999969,LS
2007-08-11,3622.0699999999988,LS
2007-08-18,3232.1999999999944,LS
2007-08-14,1468.8899999999994,MS
2007-08-13,487.68999999999994,SS
2007-08-19,596.17000000000007,SS
2006-08-15,3792.639999999999,LS
2006-08-21,1040.6000000000001,MS
2006-08-26,1076.9100000000008,MS
2006-08-30,3998.2499999999977,LS
2006-08-31,947.16000000000008,MS
2006-08-29,3914.7699999999986,LS
2006-09-06,4277.59,LS
2006-09-11,4547.4300000000012,LS
2007-08-22,3947.7000000000016,LS
2007-08-31,3362.1999999999953,LS
2007-09-02,1141.5700000000004,MS
2007-08-28,3885.6099999999956,LS
2007-08-29,459.2199999999998,XLS
2007-09-08,387.95999999999992,SS
2007-09-04,1165.1399999999994,MS
2007-09-09,1221.7899999999997,MS
2007-09-08,970.99,MS
2007-09-12,3762.3499999999972,LS
2007-09-21,3499.5399999999963,LS
2007-09-17,3732.1099999999965,LS
2007-09-20,4427.1599999999971,LS
2007-09-21,1191.4899999999996,MS
2007-09-20,445.92,XLS
2007-09-17,341.86,SS
2006-09-11,623.72,XLS
2006-09-17,470.25999999999988,XLS
2006-09-14,481.57999999999993,XLS
2006-09-20,1205.5099999999998,MS
2006-09-18,215.76999999999998,SS
2006-09-27,3540.49,LS
2006-09-28,599.55000000000007,XLS
2006-10-02,4347.5099999999966,LS
2006-10-07,1027.5100000000004,MS
2006-10-07,4144.8399999999983,LS
2007-09-28,3734.98,LS
2007-09-27,4050.159999999998,LS
2007-09-26,3481.6300000000006,LS
2007-10-04,3334.5299999999979,LS
2007-10-06,3417.4499999999953,LS
2007-10-05,308.67,SS
2007-10-12,3815.3199999999961,LS
2007-10-12,519.6900000000004,XLS
2007-10-11,649.62000000000023,XLS
2006-10-10,3871.83,LS
2006-10-12,3117.4199999999983,LS
2006-10-25,311.45000000000005,SS
2007-10-15,1011.170000000001,MS
2007-10-21,1528.9200000000003,MS
2007-10-16,1138.44,MS
2007-10-23,1158.2100000000003,MS
2007-10-24,3419.9999999999973,LS
2007-10-25,3563.5499999999984,LS
2007-10-23,635.31,XLS
2007-10-25,1318.6499999999996,MS
2007-11-01,1282.3100000000004,MS
2007-11-04,1373.9,MS
2007-10-30,450.14999999999992,SS
2007-10-29,265.10999999999996,SS
2007-11-11,4009.9499999999953,LS
2007-11-10,3781.4099999999944,LS
2006-11-11,851.29999999999973,MS
2006-11-06,1232.8999999999994,MS
2006-11-11,422.93999999999983,SS
2006-11-11,642.32000000000016,XLS
2006-11-07,3578.9799999999955,LS
2006-11-13,3395.4699999999939,LS
2006-11-21,470.57000000000011,XLS
2006-11-21,1057.0200000000004,MS
2006-11-21,4226.2899999999936,LS
2006-11-28,1094.4599999999987,MS
2006-11-27,1322.8299999999992,MS
2006-12-03,1358.3999999999996,MS
2007-11-08,4252.7399999999961,LS
2007-11-10,1212.18,MS
2007-11-14,3761.4299999999985,LS
2007-11-16,470.11,XLS
2007-11-20,4364.5,LS
2007-11-20,308.92999999999995,SS
2007-11-19,4267.5799999999963,LS
2007-11-25,376.86,SS
2007-11-27,3967.3199999999956,LS
2007-11-28,1491.4599999999996,MS
2007-12-01,3728.5599999999959,LS
2007-11-26,758.35999999999967,XLS
2007-12-03,4033.6199999999967,LS
2007-12-06,4879.02,LS
2007-12-08,3818.0699999999988,LS
2006-04-16,306.82,SS
2006-04-23,761.67999999999984,XLS
2007-04-28,1002.5800000000002,MS
2007-04-25,482.76999999999987,SS
2006-04-27,4275.7999999999938,LS
2006-05-03,1328.1000000000004,MS
2007-05-05,1307.4099999999999,MS
2007-05-07,3429.7499999999982,LS
2006-05-08,3848.4200000000019,LS
2007-05-16,3119.5799999999954,LS
2007-05-18,675.71000000000015,XLS
2007-05-14,1209.6099999999997,MS
2007-05-15,312.29999999999995,SS
2007-06-03,479.44999999999993,SS
2007-06-02,1243.2299999999996,MS
2007-06-01,944.35000000000036,MS
2007-06-07,1318.1799999999998,MS
2006-06-02,261.53,SS
2006-05-31,1265.2899999999995,MS
2007-06-11,3522.2699999999977,LS
2006-06-08,448.37999999999977,SS
2007-06-20,3919.2499999999977,LS
2007-06-24,994.10999999999967,MS
2007-06-27,1189.1500000000005,MS
2007-07-01,1331.04,MS
2006-06-05,1480.1499999999992,MS
2007-06-25,1110.940000000001,MS
2007-06-25,324.72,XLS
2006-07-10,515.40000000000009,XLS
2007-07-21,1268.2199999999998,MS
2007-07-19,577.86999999999989,XLS
2007-07-19,1487.5199999999995,MS
2006-07-15,571.88000000000011,XLS
2006-07-22,1228.2500000000005,MS
2007-07-27,1344.7099999999996,MS
2007-07-23,649.93999999999994,XLS
2007-07-26,390.43000000000018,SS
2006-07-18,333.70000000000005,SS
2006-07-24,3573.2500000000023,LS
2006-08-09,985.75000000000023,MS
2006-08-13,1214.1399999999994,MS
2007-08-04,589.5999999999998,SS
2007-08-06,1179.7400000000005,MS
2007-08-17,403.87999999999982,XLS
2007-08-17,3874.9300000000021,LS
2007-08-17,421.7600000000001,SS
2006-08-10,3496.4199999999987,LS
2006-08-18,888.16000000000031,MS
2006-08-22,1191.4400000000005,MS
2006-08-30,1325.9399999999994,MS
2006-09-01,1031.7999999999995,MS
2006-09-05,3896.4299999999976,LS
2007-08-20,3780.119999999994,LS
2007-08-24,512.6400000000001,XLS
2007-09-02,3874.9999999999973,LS
2007-08-28,1186.3500000000001,MS
2007-09-07,333.95,SS
2007-09-06,461.68000000000006,XLS
2007-09-07,1207.2000000000012,MS
2007-09-12,1573.0700000000008,MS
2007-09-14,426.34,XLS
2007-09-18,314.64,XLS
2007-09-22,1180.7499999999995,MS
2007-09-19,481.49999999999994,XLS
2006-09-17,1126.33,MS
2006-09-19,4028.4999999999973,LS
2006-09-26,902.47,MS
2007-09-20,1237.4399999999994,MS
2007-10-07,1190.8400000000001,MS
2007-10-10,306.46000000000015,SS
2006-10-05,799.33,MS
2006-10-13,342.28999999999996,XLS
2006-10-13,242.03000000000003,SS
2006-10-21,340.31999999999994,SS
2006-10-18,438.14999999999981,XLS
2006-10-22,1074.71,MS
2006-10-23,316.30000000000007,SS
2007-10-14,475.31999999999971,XLS
2007-10-25,356.03999999999996,SS
2007-11-03,1146.32,MS
2007-10-29,1320.9800000000005,MS
2007-11-04,3784.9099999999962,LS
2007-11-09,3783.9999999999982,LS
2006-11-03,1203.7999999999993,MS
2006-11-10,4104.3399999999947,LS
2006-11-12,3308.7699999999986,LS
2006-11-17,3836.1299999999937,LS
2006-11-26,3589.1199999999953,LS
2006-11-29,1330.2399999999998,MS
2007-11-07,4621.0999999999976,LS
2007-11-09,369.28000000000003,SS
2007-11-14,930.2800000000002,MS
2007-11-18,2829.32,MS
2007-11-13,540.92000000000007,XLS
2007-11-19,1200.3399999999997,MS
2007-11-25,1164.0700000000002,MS
2007-11-26,511.76000000000005,SS
2006-04-24,348.40000000000009,SS
2007-04-16,3448.299999999997,LS
2007-04-17,4549.5099999999966,LS
2006-04-27,607.16000000000008,XLS
2007-05-06,931.82000000000039,MS
2007-05-11,247.76999999999998,SS
2006-05-04,460.86999999999995,XLS
2006-05-11,585.94000000000017,XLS
2007-05-10,998.9300000000004,MS
2007-05-23,501.52000000000021,XLS
2007-06-07,661.25,XLS
2007-06-07,505.37,SS
2007-06-08,553.65,XLS
2006-05-26,3548.6200000000008,LS
2006-06-01,1047.11,MS
2007-06-14,285.35999999999996,XLS
2007-06-20,1136.2699999999998,MS
2006-05-30,601.68000000000006,XLS
2006-06-06,883.94000000000051,MS
2006-06-09,1281.0399999999995,MS
2007-06-26,1086.9500000000003,MS
2006-06-12,1492.21,MS
2006-06-24,357.56000000000006,SS
2006-06-21,413.74999999999994,XLS
2007-07-02,410.83000000000015,XLS
2006-07-02,429.9799999999999,XLS
2006-06-29,1245.2200000000003,MS
2007-07-05,1404.27,MS
2007-07-12,1047.7099999999996,MS
2006-07-18,1378.8300000000002,MS
2006-07-19,1260.5999999999995,MS
2006-07-30,574.79000000000019,XLS
2006-08-06,3500.2700000000004,LS
2006-08-06,1127.2899999999997,MS
2006-08-03,481.31,XLS
2007-08-02,501.08000000000004,XLS
2007-08-05,352.88999999999993,XLS
2007-08-05,360.65,SS
2007-07-30,362.65,XLS
2007-08-10,1205.9,MS
2007-08-11,1398.8999999999992,MS
2007-08-17,1076.1799999999998,MS
2006-08-15,1112.36,MS
2006-08-20,1316.4999999999995,MS
2006-08-21,406.33999999999992,SS
2007-09-01,1400.5899999999988,MS
2007-09-06,1396.609999999999,MS
2006-09-13,265.30999999999995,SS
2006-09-23,435.79,XLS
2007-09-30,1427.1999999999998,MS
2007-09-25,1093.7400000000005,MS
2007-09-29,1106.6100000000001,MS
2007-09-29,376.85000000000008,XLS
2007-10-11,208.84000000000003,SS
2006-10-15,455.77,XLS
2006-10-20,1282.0399999999993,MS
2006-10-24,1011.3999999999999,MS
2007-10-20,1126.5099999999995,MS
2007-11-04,302.36000000000007,XLS
2007-11-10,591.94999999999993,XLS
2006-11-04,913.04000000000019,MS
2006-10-31,1214.1599999999999,MS
2006-11-08,409.40999999999991,XLS
2006-12-02,999.03999999999951,MS
2007-11-22,452.03999999999996,XLS
2007-11-29,249.58000000000004,SS
2007-11-26,1306.089999999999,MS
2007-12-02,1156.07,MS
2006-04-10,1006.4799999999996,MS
2006-04-19,283.37,SS
2007-04-17,474.45000000000005,SS
2006-05-05,293.15000000000009,SS
2007-04-27,1057.2500000000002,MS
2007-05-06,581.8,XLS
2007-05-04,571.57000000000016,XLS
2007-05-12,1171.2299999999996,MS
2007-05-09,1167.3400000000001,MS
2006-05-01,272.42,SS
2006-05-02,1332.9599999999996,MS
2007-05-16,1025.4699999999991,MS
2006-05-22,382.15999999999997,XLS
2007-05-29,518.2099999999997,SS
2006-05-27,1168.4800000000005,MS
2006-06-02,457.3499999999998,XLS
2007-06-16,377.42000000000007,SS
2006-06-05,397.65,SS
2006-06-06,237.26999999999998,SS
2007-06-19,501.88999999999987,XLS
2007-06-28,646.24000000000024,XLS
2006-07-05,1273.8600000000001,MS
2007-07-20,376.97,SS
2006-07-20,577.5100000000001,XLS
2006-07-28,338.0,SS
2006-08-11,1156.4100000000005,MS
2007-08-01,563.21999999999991,XLS
2007-07-31,265.58000000000004,SS
2007-08-07,1263.7199999999998,MS
2007-08-12,352.17999999999995,SS
2006-08-19,873.83999999999992,MS
2006-08-20,3868.849999999999,LS
2006-08-24,630.76000000000033,XLS
2006-08-23,352.0299999999998,XLS
2006-08-27,506.77999999999986,XLS
2006-09-02,405.81000000000006,SS
2006-09-16,3736.75,LS
2006-09-12,498.14999999999992,XLS
2006-09-16,435.29000000000008,XLS
2007-09-15,1286.2500000000007,MS
2007-09-10,421.71000000000009,XLS
2007-09-19,1316.5500000000006,MS
2006-09-18,1131.9600000000005,MS
2006-09-30,339.87000000000006,SS
2006-10-02,329.50000000000006,SS
2007-09-25,353.31000000000006,XLS
2007-10-12,1216.5000000000005,MS
2006-10-14,310.18,SS
2006-10-25,1139.5699999999993,MS
2007-10-20,3479.6499999999978,LS
2007-10-22,1128.96,MS
2007-11-09,1015.1100000000007,MS
2007-11-09,508.00999999999993,XLS
2006-11-22,538.51,XLS
2006-11-23,1045.82,MS
2007-11-08,1310.4299999999998,MS
2007-11-11,372.92,SS
2007-11-13,1321.72,MS
2007-11-18,276.37,XLS
2007-04-22,566.86000000000013,XLS
2006-05-08,420.5,SS
2007-05-16,563.60000000000014,XLS
2007-05-17,1217.2199999999993,MS
2007-06-12,569.87000000000012,XLS
2006-06-03,298.4799999999999,XLS
2007-06-21,374.78000000000009,SS
2006-06-16,504.47999999999996,XLS
2006-06-12,200.07999999999998,SS
2007-07-05,237.54999999999995,XLS
2006-06-27,1340.1100000000006,MS
2006-06-28,3540.3499999999976,LS
2006-07-16,457.93999999999994,XLS
2007-07-27,268.77,SS
2006-07-23,356.57000000000005,XLS
2006-08-06,713.49000000000012,XLS
2007-08-26,1065.1600000000003,MS
2006-08-12,274.69,XLS
2006-08-14,292.31999999999994,XLS
2006-08-20,276.96999999999997,XLS
2006-08-28,1085.8300000000004,MS
2006-09-08,322.86,SS
2007-08-21,333.62999999999982,SS
2007-08-27,432.51000000000005,XLS
2006-09-28,465.05999999999983,SS
2007-09-28,1285.1000000000004,MS
2007-09-27,1221.62,MS
2006-10-02,539.4699999999998,XLS
2007-10-21,637.56,XLS
2007-10-18,413.44000000000005,XLS
2007-11-03,498.43999999999994,SS
2006-10-31,271.52000000000004,SS
2006-11-07,963.04000000000019,MS
2006-12-01,1411.9900000000005,MS
2007-11-24,358.72999999999996,XLS
2007-11-21,1140.6399999999996,MS
2007-12-04,442.74,SS
2007-12-09,3826.2099999999996,LS
2006-04-18,977.27,MS
2007-05-01,462.22999999999979,SS
2006-05-07,271.66,SS
2007-05-13,770.42000000000007,XLS
2006-05-25,362.34000000000003,SS
2007-05-24,1647.4099999999994,MS
2007-05-25,388.89,SS
2007-05-29,1049.65,MS
2007-06-09,372.77,SS
2007-06-06,678.56,XLS
2006-05-24,1120.3700000000006,MS
2006-06-03,192.27,SS
2006-07-04,950.13999999999976,MS
2007-07-14,305.51,SS
2006-07-17,419.75999999999988,XLS
2007-07-17,579.78,XLS
2006-07-24,270.46,XLS
2007-08-01,495.14999999999986,SS
2007-07-30,812.34000000000037,MS
2006-08-19,644.93000000000006,XLS
2006-08-28,319.78,SS
2006-09-05,1263.48,MS
2006-09-06,517.98,XLS
2007-09-16,1213.9500000000003,MS
2006-09-23,3989.3099999999995,LS
2006-09-24,311.24,SS
2007-09-24,699.12999999999988,XLS
2007-10-06,1332.0499999999997,MS
2006-10-19,1101.1499999999996,MS
2006-10-17,926.33999999999958,MS
2006-10-19,3821.7799999999993,LS
2006-10-26,1033.3900000000003,MS
2007-10-15,361.00000000000011,XLS
2007-10-19,446.78999999999996,SS
2007-10-15,256.95000000000005,SS
2006-11-19,253.44000000000005,SS
2007-04-19,3955.9899999999961,LS
2006-04-30,279.02000000000004,SS
2006-05-01,320.6,XLS
2007-05-03,1493.2899999999997,MS
2007-05-17,449.6699999999999,SS
2007-05-28,488.02,SS
2007-05-30,1220.0500000000004,MS
2007-05-28,350.29999999999995,XLS
2007-06-02,263.51,SS
2006-06-10,536.3,XLS
2006-06-15,1243.9699999999993,MS
2007-07-03,1192.67,MS
2007-07-27,508.45000000000005,XLS
2007-08-03,542.7,XLS
2006-08-30,820.08000000000038,XLS
2007-09-09,435.64999999999992,SS
2007-09-16,591.56,XLS
2006-10-04,583.71999999999991,XLS
2007-09-27,538.03,XLS
2006-10-09,459.46,XLS
2006-10-18,1172.71,MS
2006-10-29,974.66999999999985,MS
2007-10-27,1192.4100000000003,MS
2006-11-25,573.6099999999999,XLS
2006-11-30,1465.6899999999991,MS
2007-11-18,350.34999999999991,SS
2006-04-26,373.70999999999987,SS
2007-05-13,570.83999999999992,SS
2006-05-20,318.19999999999993,SS
2006-05-16,569.0300000000002,XLS
2006-06-13,278.12000000000006,XLS
2006-07-03,381.32,XLS
2006-07-06,209.46000000000004,SS
2007-07-09,409.76,SS
2007-08-07,308.81,SS
2007-09-06,264.59000000000003,SS
2007-09-22,246.29000000000008,SS
2006-10-06,335.20999999999992,SS
2007-09-21,510.5200000000001,XLS
2007-10-18,468.2299999999999,SS
2006-11-09,582.8,XLS
2006-04-17,242.76000000000002,XLS
2007-04-18,1161.4699999999993,MS
2006-04-30,729.5,XLS
2007-04-29,212.23000000000002,SS
2007-05-09,254.01999999999998,SS
2006-05-19,922.67000000000007,MS
2007-05-10,313.92999999999995,SS
2007-06-09,604.32999999999993,XLS
2007-06-27,481.80000000000007,XLS
2007-07-07,527.89,SS
2006-06-27,477.0,XLS
2006-07-05,354.91000000000008,SS
2007-07-26,579.93999999999994,XLS
2007-07-31,323.53000000000009,XLS
2007-10-06,376.22,SS
2006-10-12,222.87999999999994,SS
2006-10-18,321.52,SS
2006-11-20,297.23,SS
2006-04-16,476.81999999999994,XLS
2006-04-20,363.78,XLS
2006-06-29,247.26999999999998,SS
2007-07-18,403.05999999999989,SS
2006-07-29,1037.63,MS
2006-09-01,525.81999999999994,XLS
2007-09-01,284.28999999999996,SS
2007-09-04,263.59000000000003,SS
2007-10-03,328.8900000000001,SS
2006-10-21,394.12999999999988,XLS
2006-10-30,343.73000000000013,SS
2006-11-18,347.07999999999993,SS
2007-04-19,549.89,XLS
2006-04-25,554.9100000000002,XLS
2007-05-22,544.26,XLS
2007-05-26,343.07000000000005,SS
2006-06-23,695.21999999999957,XLS
2006-07-08,458.92000000000007,XLS
2006-07-30,185.02000000000004,SS
2007-09-12,347.5100000000001,SS
2007-10-26,356.83999999999992,SS
2006-11-12,1272.1600000000012,MS
2006-11-25,955.36999999999966,MS
2007-11-16,247.91000000000003,SS
2007-11-27,376.28000000000009,XLS
2006-04-17,225.51000000000002,SS
2007-05-07,400.17000000000007,XLS
2006-05-12,174.50999999999993,SS
2007-05-31,1426.6100000000001,MS
2006-06-12,653.63999999999976,XLS
2006-06-19,636.56999999999994,XLS
2007-07-10,277.72,SS
2006-07-25,653.78,XLS
2006-07-26,200.96000000000004,SS
2006-09-04,330.96,XLS
2006-09-06,286.37000000000012,SS
2007-09-11,295.66,SS
2007-10-02,445.0,XLS
2007-10-18,917.25999999999965,MS
2006-12-03,565.93999999999983,XLS
2007-11-14,388.28000000000009,SS
2006-05-17,648.49,XLS
2007-07-25,253.45000000000002,SS
2006-07-27,228.31000000000003,SS
2007-08-06,395.7800000000002,XLS
2006-08-24,227.23000000000002,SS
2006-09-05,891.42999999999984,XLS
2006-09-10,548.57999999999993,XLS
2006-10-26,313.64,XLS
2007-10-22,381.74,XLS
2007-11-19,321.62,SS
2007-04-17,1051.96,MS
2007-06-27,310.47,SS
2007-07-28,372.72,SS
2006-07-23,201.56000000000006,SS
2006-08-12,519.88999999999987,SS
2007-10-02,362.38,SS
2007-10-08,277.48000000000013,SS
2007-10-28,615.56000000000006,XLS
2007-05-24,282.64000000000004,SS
2006-06-14,496.15000000000009,XLS
2006-08-08,392.28999999999996,XLS
2006-09-07,170.87,SS
2007-08-26,345.58000000000004,SS
2006-10-17,422.62000000000012,SS
2006-12-02,656.43000000000006,XLS
2007-06-02,629.26999999999975,XLS
2007-06-17,269.85,SS
2006-06-15,589.4699999999998,XLS
2006-09-25,293.79999999999995,SS
2006-11-26,497.36,XLS
2006-11-23,216.63000000000002,SS
2007-11-29,316.98,XLS
2007-04-20,269.62,SS
2006-05-13,283.8300000000001,SS
2006-06-11,168.24,SS
2006-08-02,191.33,SS
2007-08-19,386.6099999999999,XLS
2007-08-18,254.3600000000001,SS
2006-09-17,216.88000000000005,SS
2007-12-03,708.4699999999998,XLS
2007-04-16,1197.4899999999998,MS
2007-04-25,1237.4499999999996,MS
2007-06-17,509.55999999999983,XLS
2007-08-20,364.15999999999997,SS
2007-09-02,388.77000000000004,XLS
2006-10-04,272.98,SS
2007-10-05,368.57999999999993,XLS
2007-10-20,278.69000000000005,XLS
2007-11-07,360.28999999999996,XLS
2006-04-12,291.83999999999992,SS
2007-06-24,202.82999999999998,SS
2007-07-01,578.2399999999999,XLS
2006-06-30,318.13,SS
2006-07-11,251.30000000000007,SS
2006-08-06,538.88999999999987,SS
2006-08-26,419.02000000000021,XLS
2006-09-23,289.2600000000001,SS
2007-04-22,270.67999999999995,SS
2007-06-23,472.99999999999994,XLS
2006-07-09,292.06999999999994,XLS
2007-07-09,399.14,XLS
2006-05-03,345.37,SS
2007-06-18,240.72000000000003,SS
2006-09-24,697.93000000000018,XLS
2007-10-30,463.83000000000004,XLS
2006-11-17,446.9799999999999,XLS
2007-04-26,489.93,XLS
2007-05-19,335.71000000000004,SS
2006-05-23,229.52999999999997,SS
2006-07-07,341.47,SS
2006-10-08,427.2399999999999,SS
2006-12-06,927.26000000000022,MS
2006-12-08,1086.2100000000005,MS
2006-12-10,596.48000000000013,XLS
2006-12-17,4555.9699999999975,LS
2006-12-15,389.47999999999996,XLS
2006-12-16,436.4,XLS
2006-12-23,6028.1300000000037,LS
2006-12-24,5956.2800000000061,LS
2007-12-04,1090.6799999999998,MS
2007-12-13,4981.970000000003,LS
2007-12-16,3654.3999999999996,LS
2007-12-10,1362.2000000000007,MS
2007-12-11,3987.4499999999975,LS
2007-12-18,609.1099999999999,XLS
2007-12-24,2226.56,LS
2008-01-06,3118.1699999999983,LS
2007-12-31,2954.0699999999997,LS
2006-12-25,785.15000000000032,MS
2006-12-29,937.1700000000003,MS
2007-01-06,3397.3299999999972,LS
2007-01-07,487.34000000000003,XLS
2007-01-02,3349.8300000000045,LS
2007-01-05,3386.7999999999984,LS
2007-01-04,960.20999999999981,MS
2007-01-08,1102.58,MS
2007-01-11,174.68000000000006,SS
2007-01-11,3642.1399999999976,LS
2007-01-14,2914.1799999999985,LS
2007-01-20,4024.0799999999986,LS
2007-01-16,4041.0899999999974,LS
2008-01-02,382.15000000000009,SS
2008-01-09,532.9799999999999,XLS
2008-01-12,502.43000000000012,XLS
2007-01-24,3519.6799999999957,LS
2007-01-27,1130.7099999999998,MS
2008-01-11,3464.1199999999949,LS
2008-01-20,335.14000000000004,XLS
2008-01-15,432.90999999999997,XLS
2008-01-16,1243.69,MS
2008-01-19,3430.3599999999983,LS
2008-01-16,376.29999999999984,XLS
2008-01-16,3527.22,LS
2008-01-30,539.76999999999987,XLS
2008-01-30,3442.6899999999951,LS
2008-01-29,3744.079999999999,LS
2008-02-05,3140.8299999999972,LS
2007-02-04,1409.32,MS
2007-02-04,572.14,SS
2007-02-04,4512.8599999999979,LS
2007-02-07,3818.1999999999989,LS
2007-02-05,3906.2499999999964,LS
2007-02-05,420.20999999999992,SS
2008-02-07,1035.68,MS
2008-02-09,3503.2299999999977,LS
2008-02-10,4090.0600000000013,LS
2007-02-10,417.44000000000005,SS
2007-02-10,507.74999999999989,XLS
2007-02-12,3689.4299999999985,LS
2008-02-14,393.69,SS
2008-02-15,4109.2699999999959,LS
2008-02-13,3931.179999999998,LS
2008-02-20,4425.4799999999977,LS
2008-02-22,1215.36,MS
2008-03-02,321.46,SS
2007-02-19,4656.2799999999979,LS
2007-02-21,608.55000000000007,XLS
2007-02-25,3753.4499999999966,LS
2007-02-19,1262.7399999999998,MS
2007-02-21,3192.4499999999953,LS
2007-02-22,1260.8800000000003,MS
2007-02-23,2989.6100000000006,LS
2007-02-25,709.06000000000017,XLS
2007-02-28,4277.5599999999977,LS
2007-03-01,945.45999999999992,MS
2007-03-04,4749.7300000000014,LS
2007-03-03,3887.5199999999968,LS
2007-02-27,1138.04,MS
2007-02-27,3997.829999999999,LS
2007-03-01,3701.8999999999987,LS
2007-03-02,3750.6600000000008,LS
2007-03-02,258.43,SS
2007-03-07,1044.2399999999998,MS
2007-03-11,3274.3799999999956,LS
2007-03-05,1113.62,MS
2007-03-06,1160.4699999999996,MS
2007-03-08,3743.3199999999961,LS
2007-03-12,1214.3900000000003,MS
2008-02-29,1281.6100000000006,MS
2008-03-03,1270.6199999999997,MS
2008-03-06,3847.7100000000009,LS
2008-03-06,1525.1200000000003,MS
2007-03-13,1110.6300000000008,MS
2007-03-12,4294.6999999999989,LS
2007-03-17,559.25,XLS
2007-03-17,1083.7099999999994,MS
2007-03-24,490.18999999999994,SS
2007-03-21,1089.4000000000005,MS
2007-03-24,3933.5999999999976,LS
2008-03-04,1343.4299999999994,MS
2008-03-12,426.43999999999994,SS
2008-03-15,582.83999999999969,XLS
2008-03-15,1531.54,MS
2008-03-21,531.87999999999988,XLS
2008-03-19,1085.48,MS
2008-03-22,3578.3399999999947,LS
2008-03-19,4264.4400000000014,LS
2008-03-25,3798.8599999999969,LS
2008-03-27,3723.7699999999968,LS
2008-03-26,1288.4500000000003,MS
2008-03-29,321.08999999999992,XLS
2008-03-24,3619.8699999999972,LS
2008-04-01,2925.66,LS
2008-04-05,1120.69,MS
2007-03-24,984.77000000000044,MS
2007-03-19,4255.2499999999982,LS
2007-04-01,3449.7399999999961,LS
2007-03-27,399.57000000000005,SS
2007-03-30,971.49999999999966,MS
2007-03-28,1120.7900000000004,MS
2007-04-03,571.99999999999977,XLS
2007-04-08,1343.89,MS
2007-04-09,1205.6299999999997,MS
2007-04-15,1438.3099999999997,MS
2007-04-12,691.32,XLS
2008-04-01,165.21999999999997,SS
2008-04-07,5036.1200000000008,LS
2008-04-08,998.80000000000064,MS
2008-04-09,4352.7099999999991,LS
2008-04-11,1178.0299999999997,MS
2008-04-12,1460.2599999999998,MS
2008-04-15,3902.4200000000019,LS
2008-04-15,1302.67,MS
2008-04-18,1217.5100000000002,MS
2008-04-14,4272.2099999999991,LS
2008-04-20,1231.14,MS
2008-04-17,1051.8399999999997,MS
2008-04-18,309.28000000000003,SS
2008-04-26,3647.2499999999941,LS
2008-04-24,4078.4899999999948,LS
2008-04-25,585.87000000000012,XLS
2008-04-27,526.38999999999976,XLS
2008-04-29,1221.6800000000007,MS
2008-04-29,517.42999999999984,XLS
2007-07-05,377.23000000000013,SS
2006-07-14,534.99,XLS
2007-09-16,356.07000000000005,SS
2006-05-06,436.05,SS
2006-06-25,572.75999999999965,XLS
2006-09-25,431.92000000000019,XLS
2007-12-09,1246.2400000000007,MS
2006-12-06,373.37999999999988,SS
2006-12-09,358.24000000000012,XLS
2006-12-09,1306.44,MS
2006-12-14,705.27000000000021,XLS
2006-12-16,4569.3100000000013,LS
2006-12-24,1518.27,MS
2007-12-16,396.11999999999995,SS
2007-12-14,1268.53,MS
2007-12-17,562.79,XLS
2007-12-30,163.19,SS
2007-12-27,2374.3900000000003,LS
2008-01-03,3097.4599999999973,LS
2006-12-18,2429.76,MS
2006-12-27,2634.0100000000011,LS
2006-12-31,1063.72,MS
2007-01-14,260.37,SS
2007-01-18,494.88000000000005,XLS
2008-01-08,445.02000000000004,XLS
2007-01-25,4218.0999999999958,LS
2007-01-22,303.20999999999992,XLS
2008-01-09,3242.3099999999995,LS
2008-01-14,967.0799999999997,MS
2008-01-20,1197.7900000000002,MS
2008-01-14,479.97,XLS
2007-01-24,1076.9800000000005,MS
2007-01-30,1080.3000000000002,MS
2007-02-02,363.54999999999995,SS
2008-02-06,423.15,SS
2007-02-17,3916.3300000000013,LS
2008-02-13,572.11,SS
2008-02-19,3532.0399999999991,LS
2008-02-27,1234.5199999999998,MS
2008-02-25,3487.6299999999974,LS
2007-02-20,1028.8999999999996,MS
2007-02-21,1217.2399999999993,MS
2007-03-04,1574.1199999999988,MS
2007-03-08,317.05,SS
2007-03-15,335.13,XLS
2008-02-27,3783.3999999999987,LS
2008-03-08,614.53999999999985,XLS
2007-03-14,374.61,SS
2007-03-19,1310.1799999999996,MS
2008-03-12,3751.7200000000003,LS
2008-03-21,3892.889999999999,LS
2007-03-27,3780.1199999999981,LS
2007-03-26,485.50999999999988,XLS
2007-03-31,341.68999999999994,XLS
2007-04-06,3745.8099999999977,LS
2007-04-05,1266.1300000000006,MS
2007-04-13,4208.9799999999941,LS
2007-04-15,3853.6499999999978,LS
2008-04-12,560.46000000000015,XLS
2008-04-17,4243.3499999999967,LS
2008-04-16,344.33999999999986,SS
2008-04-18,424.08999999999992,XLS
2008-04-23,1383.3400000000001,MS
2006-12-13,364.89,XLS
2006-12-21,967.90999999999985,XLS
2006-12-24,544.34,XLS
2006-12-23,1900.2599999999998,MS
2007-12-11,1289.63,MS
2007-12-10,274.06,SS
2007-12-22,770.5400000000003,XLS
2006-12-31,167.34000000000003,SS
2007-01-02,1034.4799999999998,MS
2007-01-19,1087.4400000000005,MS
2008-01-03,286.98,SS
2008-01-01,442.03000000000003,SS
2008-01-06,973.77999999999986,MS
2008-01-07,512.7199999999998,XLS
2007-01-20,411.29,XLS
2008-01-15,1173.2199999999993,MS
2008-01-31,4076.4799999999932,LS
2008-02-02,696.56000000000017,XLS
2008-02-06,1094.4,MS
2007-02-01,3543.9900000000007,LS
2007-01-29,605.98,XLS
2007-02-03,1112.5300000000004,MS
2007-01-30,213.78999999999996,SS
2007-02-07,922.31999999999994,MS
2007-02-11,659.47,XLS
2007-02-14,748.79000000000042,XLS
2007-02-18,474.51,XLS
2008-02-13,506.49999999999994,XLS
2008-02-18,1148.3599999999992,MS
2008-02-23,1261.079999999999,MS
2008-03-02,1124.1899999999996,MS
2008-02-25,1142.24,MS
2007-02-22,358.06000000000006,SS
2007-02-23,823.2600000000001,XLS
2007-02-19,452.96999999999991,XLS
2007-03-02,689.16000000000008,XLS
2007-03-03,870.14,MS
2007-03-02,1262.2699999999995,MS
2007-03-05,400.59000000000003,SS
2008-03-05,455.40000000000003,XLS
2007-03-20,3689.6699999999973,LS
2008-03-13,1317.7699999999995,MS
2008-03-14,662.16999999999985,XLS
2008-03-17,422.21999999999997,SS
2008-03-18,495.60999999999996,XLS
2008-03-24,467.42,XLS
2008-04-02,1030.7200000000005,MS
2007-03-30,452.15999999999997,XLS
2007-04-01,948.06999999999982,MS
2007-03-26,1190.6600000000008,MS
2007-04-05,533.87,XLS
2007-04-14,515.11,XLS
2008-04-04,1176.3699999999994,MS
2008-04-11,325.27999999999986,SS
2008-04-22,1437.5100000000014,MS
2008-04-25,1353.180000000001,MS
2006-12-11,1106.29,MS
2006-12-11,271.65,SS
2006-12-18,664.00999999999976,XLS
2007-12-08,415.43999999999994,XLS
2007-12-03,348.2299999999999,SS
2007-12-15,426.71,SS
2007-01-02,316.21000000000004,SS
2007-01-14,473.3599999999999,XLS
2007-01-12,3123.2899999999986,LS
2008-01-13,474.95999999999981,XLS
2008-01-08,1157.9600000000005,MS
2007-01-29,1212.08,MS
2007-02-11,1197.8899999999992,MS
2008-02-09,858.0799999999997,MS
2008-02-09,285.85,XLS
2007-02-18,303.99,SS
2008-02-16,389.3,XLS
2008-02-26,513.07999999999993,XLS
2007-02-26,474.37000000000012,XLS
2008-03-12,1252.8800000000015,MS
2008-03-13,327.30000000000007,SS
2008-03-25,522.26,SS
2008-03-28,310.59000000000003,SS
2007-03-30,522.16999999999973,SS
2007-04-04,517.6099999999999,SS
2007-04-13,1533.7899999999995,MS
2008-03-31,357.14,XLS
2006-12-04,510.6400000000001,SS
2006-12-10,856.77000000000044,MS
2006-12-27,353.61,SS
2007-01-05,258.17,SS
2007-01-09,936.01000000000022,MS
2008-01-04,276.73000000000013,SS
2007-01-17,1335.73,MS
2008-01-26,393.38,SS
2008-01-31,655.8599999999999,XLS
2007-01-26,1097.0400000000004,MS
2007-01-26,371.84999999999991,XLS
2007-02-15,322.96000000000004,SS
2008-02-19,579.35,XLS
2007-03-11,571.98000000000013,XLS
2008-03-11,414.58000000000004,SS
2008-03-14,1029.6199999999997,MS
2008-03-29,256.44,SS
2008-04-28,1077.53,MS
2006-12-17,357.92999999999995,SS
2007-12-29,432.24999999999989,XLS
2006-12-30,381.30000000000007,XLS
2008-01-03,959.49000000000035,MS
2007-01-19,531.54,XLS
2008-01-27,357.98,XLS
2007-02-01,516.16,XLS
2007-02-08,1130.0800000000002,MS
2007-02-16,568.30000000000007,XLS
2008-02-15,534.13999999999987,XLS
2007-03-06,308.61,XLS
2008-02-29,332.95999999999992,SS
2008-03-14,525.69999999999993,SS
2008-03-21,364.01,SS
2007-04-12,1040.9200000000003,MS
2008-04-13,1371.1399999999981,MS
2008-04-08,250.11,SS
2008-04-30,312.20999999999992,SS
2007-07-24,321.42000000000007,XLS
2007-11-28,576.34,XLS
2006-12-28,2248.6099999999997,LS
2007-01-08,454.71000000000004,XLS
2008-01-24,1115.0700000000002,MS
2008-02-03,1004.2400000000002,MS
2007-02-02,398.11999999999995,XLS
2008-02-06,609.24,XLS
2008-02-04,1070.4299999999992,MS
2007-02-08,411.04,SS
2008-03-19,643.99999999999989,XLS
2007-04-02,607.38000000000011,XLS
2007-04-13,428.38999999999987,XLS
2008-04-08,414.39,XLS
2007-12-24,320.57999999999993,SS
2006-12-29,197.32,SS
2007-01-04,603.66999999999985,XLS
2007-01-07,213.42000000000004,SS
2007-01-27,532.41999999999985,XLS
2008-02-02,346.59000000000003,SS
2007-02-06,365.86,XLS
2008-02-23,411.26,SS
2007-02-27,416.37000000000012,XLS
2008-02-27,447.54999999999995,SS
2007-03-22,339.9899999999999,SS
2007-04-10,903.82999999999993,MS
2008-04-20,209.34000000000003,SS
2006-05-19,356.0200000000001,SS
2006-07-02,250.92000000000002,SS
2007-08-22,464.78,SS
2007-04-30,270.89,XLS
2006-08-29,314.80000000000007,SS
2006-10-03,197.6,SS
2007-10-09,372.6099999999999,XLS
2007-12-12,315.31999999999988,SS
2008-01-23,299.07999999999993,XLS
2008-01-24,513.25,XLS
2008-01-29,428.78999999999996,XLS
2008-02-24,378.79999999999995,XLS
2007-02-25,335.64,SS
2007-03-13,361.87999999999977,SS
2008-03-22,315.99999999999994,SS
2008-03-27,577.32000000000016,XLS
2007-04-27,446.73999999999995,XLS
2006-11-17,265.20000000000005,SS
2006-12-07,438.55999999999995,XLS
2006-12-30,214.45,SS
2007-01-12,363.87999999999988,SS
2007-12-31,313.96000000000015,XLS
2008-01-21,913.68,MS
2008-02-16,259.81,SS
2007-03-11,320.44000000000005,SS
2008-03-01,1243.02,MS
2008-03-05,333.16000000000008,SS
2007-03-17,323.62999999999994,SS
2007-04-14,542.2399999999999,SS
2008-04-27,320.06000000000006,SS
2008-04-21,472.79000000000008,XLS
2006-11-19,460.50999999999993,XLS
2007-01-24,553.25999999999988,XLS
2007-02-07,346.27,SS
2007-02-12,401.20999999999992,XLS
2007-03-18,316.50999999999993,SS
2007-03-19,360.4,XLS
2008-03-16,375.45000000000005,SS
2008-03-11,438.10000000000014,XLS
2007-04-07,413.67999999999984,XLS
2008-04-02,447.76999999999987,XLS
2008-04-23,506.78,SS
2006-12-13,307.75000000000011,SS
2008-01-10,669.3900000000001,XLS
2007-02-22,447.33999999999992,XLS
2007-03-01,397.82999999999993,SS
2008-03-06,410.9,SS
2007-04-10,397.09000000000003,SS
2007-04-11,341.83000000000004,SS
2008-04-15,278.1,SS
2007-07-12,220.65000000000003,SS
2006-12-14,384.24,SS
2006-12-23,768.16999999999985,XLS
2007-12-17,1606.2199999999996,MS
2007-01-09,330.35000000000008,XLS
2007-01-19,308.78999999999996,SS
2007-04-12,272.04999999999995,SS
2008-04-14,363.99000000000012,XLS
2006-12-25,359.66000000000008,XLS
2008-01-09,226.18,SS
2007-02-08,457.80000000000013,XLS
2007-03-15,311.5200000000001,SS
2008-04-30,655.54000000000019,XLS
2008-01-20,219.84000000000006,SS
2008-02-08,271.83,XLS
2008-03-20,487.94999999999993,XLS
2008-04-01,367.28999999999996,XLS
2007-02-11,326.27,SS
2008-02-24,315.27,SS
2007-07-06,339.89,SS
2007-08-06,232.62000000000012,SS
2006-10-07,251.89,SS
2006-12-10,426.4,SS
2008-01-17,217.47000000000003,SS
2007-12-17,462.8599999999999,SS
2008-03-30,566.31000000000017,XLS
2007-12-27,416.82000000000005,XLS
2008-02-03,386.52000000000004,SS
2008-03-01,379.36000000000007,XLS
2007-05-10,217.26999999999998,XLS
2008-04-15,553.44,XLS
2007-02-20,305.85,SS
2007-03-05,453.43999999999994,XLS
2006-11-29,257.04000000000008,SS
2007-01-25,313.34000000000003,XLS
2007-01-22,496.90000000000009,SS
2007-01-06,277.21,XLS
2007-01-05,495.4799999999999,XLS
2008-01-28,346.12999999999994,XLS
2007-02-06,339.34,SS
2008-02-01,346.66000000000008,SS
2007-01-17,336.0800000000001,SS
2007-01-08,321.21000000000015,SS
2007-03-23,386.0,XLS
2007-04-06,493.68999999999994,SS
2008-01-05,320.73000000000008,SS
2008-03-28,394.43000000000006,XLS
2006-08-26,433.0,SS
2008-01-12,275.66999999999996,SS
2007-01-03,134.43,SS
2006-11-01,316.01,XLS
2007-06-08,3549.6999999999966,LS
2007-08-09,407.82999999999987,SS
2006-06-16,945.07999999999981,MS
2006-07-29,4165.8600000000006,LS
2006-09-30,3787.6799999999985,LS
2006-05-23,1179.1900000000005,MS
2006-09-26,4420.300000000002,LS
2007-11-12,461.72,XLS
2007-11-22,346.81999999999994,SS
2006-04-29,4075.3200000000043,LS
2007-06-29,734.32999999999993,XLS
2006-09-17,4145.5199999999977,LS
2007-05-15,3679.0899999999983,LS
2006-06-25,3899.4499999999971,LS
2006-07-08,4566.5,LS
2006-08-03,1157.3799999999999,MS
2006-09-09,3675.3199999999997,LS
2006-09-11,1131.9400000000005,MS
2006-06-18,373.38,SS
2006-08-07,875.38999999999987,MS
2007-11-18,4659.4599999999973,LS
2007-04-23,3855.399999999996,LS
2006-09-14,3737.6999999999971,LS
2006-04-12,968.75999999999976,MS
2006-06-29,4205.6699999999983,LS
2007-07-12,4112.0300000000007,LS
2006-10-15,3233.0199999999995,LS
2007-07-01,3930.1699999999964,LS
2007-08-31,445.3,XLS
2007-08-19,1132.35,MS
2007-06-16,1444.5099999999998,MS
2006-10-15,385.56999999999988,SS
2007-11-03,3553.6099999999951,LS
2006-11-10,1009.7799999999997,MS
2007-06-14,440.94999999999987,SS
2006-06-22,4085.7699999999977,LS
2006-09-01,269.46000000000004,SS
2006-09-11,191.23999999999998,SS
2006-10-17,3930.6899999999991,LS
2006-11-03,428.2399999999999,XLS
2007-08-15,3486.5199999999995,LS
2006-05-05,1214.4000000000003,MS
2006-05-13,1245.4499999999998,MS
2007-09-30,3608.7500000000005,LS
2006-10-13,3173.6100000000006,LS
2006-11-05,1177.7300000000005,MS
2006-04-28,417.82000000000016,XLS
2006-05-04,3787.599999999994,LS
2007-06-25,3564.0199999999995,LS
2006-04-13,3487.0599999999986,LS
2006-06-17,3813.8499999999995,LS
2006-06-26,3462.8999999999996,LS
2006-07-15,3259.829999999999,LS
2007-11-02,4189.0200000000013,LS
2007-12-07,4337.389999999994,LS
2008-03-02,4310.6500000000005,LS
2006-08-16,3753.44,LS
2007-09-19,3601.04,LS
2006-12-13,4324.2200000000048,LS
2007-12-18,5991.1800000000021,LS
2008-01-24,3407.1300000000028,LS
2007-02-16,3895.7299999999927,LS
2007-03-28,4204.3600000000006,LS
2007-02-09,1080.8099999999995,MS
2006-12-06,4782.5899999999956,LS
2007-04-13,156.16000000000003,SS
2006-08-04,1118.8099999999995,MS
2006-07-12,1107.8300000000004,MS
2007-03-16,425.18000000000006,SS
2008-03-09,4330.6900000000023,LS
2008-04-19,3875.4599999999991,LS
2006-05-26,401.00000000000006,SS
2006-08-25,384.77,XLS
2006-06-16,372.70999999999987,SS
2006-07-22,218.13000000000005,SS
2008-01-25,3699.5099999999993,LS
2007-08-30,4079.4500000000007,LS
2006-11-22,4102.9899999999989,LS
2006-05-09,267.53000000000003,SS
2006-09-07,4047.4999999999941,LS
2007-12-28,882.38000000000034,MS
2007-01-06,830.41000000000008,MS
2007-02-01,284.07000000000005,SS
2007-02-23,518.35000000000014,SS
2006-08-02,4009.7699999999977,LS
2006-08-11,3544.9999999999964,LS
2007-10-22,3507.6599999999989,LS
2006-05-04,203.52000000000004,SS
2006-07-13,276.48,SS
2006-04-28,4431.1500000000015,LS
2006-06-04,277.41,SS
2006-06-30,3889.6699999999955,LS
2007-08-15,182.91000000000003,XLS
2006-04-14,3391.1900000000023,LS
2006-08-12,3830.9699999999989,LS
2006-10-12,536.01,XLS
2006-11-15,3632.75,LS
2007-12-04,4957.1900000000005,LS
2008-02-03,3312.3999999999965,LS
2008-04-04,3725.5499999999979,LS
2008-04-24,460.03,XLS
2006-04-23,1570.28,MS
2006-07-09,3565.1799999999967,LS
2006-12-15,1335.7300000000002,MS
2007-05-02,1649.52,MS
2008-02-22,3325.5599999999968,LS
2008-03-10,3897.8199999999924,LS
2006-10-30,4536.57,LS
2008-01-28,3267.6499999999951,LS
2008-02-11,3809.7699999999973,LS
2006-11-09,1011.1799999999996,MS
2006-05-16,3638.9500000000012,LS
2006-05-31,3232.7899999999981,LS
2007-06-22,3925.979999999995,LS
2006-09-10,3476.4799999999941,LS
2007-09-10,4321.7200000000012,LS
2006-04-11,367.98000000000013,SS
2006-09-21,199.72000000000003,SS
2007-08-02,3962.8999999999969,LS
2007-08-02,491.41999999999996,SS
2006-08-14,1022.8099999999997,MS
2006-10-14,812.05,MS
2007-10-09,3769.4499999999944,LS
2008-02-06,3679.9199999999992,LS
2007-02-20,4356.119999999999,LS
2006-05-14,4014.029999999997,LS
2006-06-23,4266.23,LS
2006-08-23,3961.1199999999967,LS
2008-02-10,1017.9800000000002,MS
2007-09-23,269.7399999999999,SS
2006-10-21,3081.7999999999997,LS
2007-11-26,3824.5199999999977,LS
2006-05-11,3775.4999999999982,LS
2008-04-21,361.78000000000003,SS
2007-05-07,1373.8900000000008,MS
2006-07-16,1128.3799999999997,MS
2007-09-18,299.33999999999992,SS
2007-12-25,2788.1599999999989,LS
2007-01-05,762.5300000000002,MS
2008-02-16,4418.300000000002,LS
2007-02-23,955.81000000000017,MS
2007-12-26,227.91000000000003,SS
2007-03-23,3287.8999999999978,LS
2006-12-19,1558.9999999999993,MS
2007-12-19,6150.6500000000015,LS
2008-03-14,4566.4499999999953,LS
2007-02-19,456.74999999999989,SS
2008-02-28,4272.7299999999941,LS
2008-04-19,294.39,SS
2006-12-16,1422.1999999999998,MS
2007-04-02,219.16,SS
2007-01-07,3488.6600000000012,LS
2007-02-03,3667.4199999999992,LS
2006-12-05,4647.6499999999978,LS
2007-03-07,4099.2099999999973,LS
2008-04-08,4282.8700000000008,LS
2008-03-22,1250.4699999999993,MS
2008-01-17,3401.3599999999988,LS
2008-02-03,417.68000000000006,XLS
2007-12-20,1323.2399999999993,MS
2006-12-04,1470.0499999999981,MS
2008-04-24,1260.2799999999997,MS
2006-12-18,479.95000000000005,SS
2007-12-05,1199.45,MS
2008-03-09,1210.3499999999995,MS
2006-12-15,5030.1199999999953,LS
2006-12-14,4643.630000000001,LS
2007-04-02,4045.6999999999935,LS
2006-05-03,4067.4099999999962,LS
2006-04-18,3623.949999999998,LS
2006-10-01,3889.409999999998,LS
2006-11-30,3748.0099999999948,LS
2006-11-25,4147.699999999998,LS
2007-09-18,3577.0499999999965,LS
2006-08-08,1119.1300000000006,MS
2006-06-21,284.11,SS
2006-12-02,4183.6599999999971,LS
2006-10-06,1237.0200000000007,MS
2007-02-14,3529.9199999999983,LS
2008-03-30,958.23999999999978,MS
2007-06-04,391.44999999999993,XLS
2006-09-29,4727.7599999999929,LS
2007-09-14,404.37999999999988,SS
2008-03-22,340.72,XLS
2008-04-23,3895.449999999998,LS
2006-12-18,6206.4100000000035,LS
2007-08-07,3824.5099999999957,LS
2006-11-24,1343.13,MS
2007-05-29,3835.3199999999965,LS
2006-12-30,2483.92,LS
2006-09-19,328.68,XLS
2008-02-14,3952.5799999999972,LS
2006-04-17,1045.65,MS
2006-06-22,940.62999999999965,MS
2006-08-01,3382.0200000000013,LS
2007-11-12,3856.6599999999962,LS
2008-03-05,3661.0099999999984,LS
2008-02-21,1298.81,MS
2006-11-05,3506.1499999999978,LS
2007-12-30,850.25000000000023,MS
2007-04-12,3471.3299999999954,LS
2007-07-24,1210.0999999999997,MS
2006-06-19,3855.9699999999975,LS
2007-05-23,1252.5300000000002,MS
2007-06-24,4157.0999999999958,LS
2007-07-28,4147.279999999997,LS
2007-03-06,3891.7699999999991,LS
2008-04-28,439.02,SS
2006-12-30,521.87,MS
2006-09-10,237.90000000000003,SS
2008-01-23,3771.46,LS
2007-08-18,963.35000000000014,MS
2007-06-05,3895.7099999999955,LS
2006-04-13,905.25000000000023,MS
2006-04-12,4060.6100000000051,LS
2006-08-24,3783.449999999998,LS
2007-07-07,4001.9599999999982,LS
2007-08-09,3833.9399999999964,LS
2006-12-14,1185.5900000000004,MS
2008-01-06,309.88,SS
2008-01-20,3372.6999999999957,LS
2008-04-13,549.92000000000007,XLS
2007-08-14,286.62,XLS
2007-06-26,4388.9099999999962,LS
2007-04-11,4591.9999999999973,LS
2006-05-18,879.30000000000041,MS
2007-07-11,285.88000000000011,SS
2007-09-05,1617.0199999999995,MS
2007-09-13,3925.0099999999975,LS
2006-07-25,324.53,SS
2006-07-21,3928.2700000000009,LS
2007-07-24,3622.2400000000007,LS
2006-04-14,634.88000000000011,MS
2007-12-23,637.2,XLS
2006-08-18,3231.6299999999992,LS
2007-06-10,1019.5700000000005,MS
2007-10-17,1028.28,MS
2007-08-16,1399.1100000000001,MS
2008-01-05,1107.8600000000001,MS
2008-04-10,1101.73,MS
2008-04-02,348.14,SS
2007-08-24,4228.3799999999983,LS
2007-01-13,390.09999999999991,SS
2008-03-24,385.07000000000005,SS
2007-11-29,5110.7099999999991,LS
2007-11-05,4123.0799999999945,LS
2007-02-18,3508.550000000002,LS
2007-07-17,1076.5299999999997,MS
2007-10-30,4636.5300000000007,LS
2006-09-12,4076.2299999999996,LS
2008-01-14,3994.0099999999979,LS
2007-02-05,1226.88,MS
2007-03-15,3996.6099999999969,LS
2007-04-21,3848.5899999999983,LS
2007-03-16,1137.1999999999998,MS
2007-04-04,3859.3699999999981,LS
2007-10-21,3358.8399999999965,LS
2008-02-16,981.73999999999978,MS
2007-06-09,4260.42,LS
2006-04-14,399.09000000000009,XLS
2008-01-02,3415.7699999999977,LS
2007-08-13,4230.0400000000009,LS
2008-01-25,360.47999999999996,XLS
2006-08-17,1043.6,MS
2007-11-13,3530.7499999999918,LS
2007-06-02,3681.7199999999975,LS
2007-04-06,930.66999999999985,MS
2006-06-10,3985.1799999999994,LS
2008-03-18,3474.0,LS
2008-03-04,303.40000000000003,SS
2007-03-14,3676.9199999999955,LS
2006-07-10,286.55999999999995,SS
2007-07-15,1188.4399999999996,MS
2007-09-10,321.41999999999996,SS
2007-08-21,1406.2300000000009,MS
2007-10-28,365.22,SS
2006-08-13,247.41999999999996,XLS
2006-09-03,349.47,SS
2008-01-01,477.58,XLS
2006-12-20,431.45999999999992,SS
2006-12-07,3907.149999999996,LS
2006-06-04,643.3,XLS
2007-12-05,4243.1300000000056,LS
2008-04-02,3322.5399999999972,LS
2007-06-12,1135.0900000000001,MS
2007-05-31,3039.0899999999983,LS
2006-09-10,1099.23,MS
2007-10-11,3654.0899999999983,LS
2006-06-11,4927.2399999999943,LS
2007-06-15,320.23,SS
2007-10-27,3567.1299999999983,LS
2006-11-06,3944.3799999999956,LS
2006-11-09,148.88000000000005,SS
2007-11-15,415.91000000000008,SS
2006-06-08,4384.8399999999947,LS
2006-07-29,349.62,SS
2006-04-26,4515.229999999995,LS
2008-04-05,3511.2299999999968,LS
2007-08-23,3599.7199999999984,LS
2006-05-10,338.40000000000009,SS
2006-10-28,3335.619999999999,LS
2007-10-14,531.44999999999982,SS
2007-02-09,3954.5199999999986,LS
2007-08-11,378.25999999999976,XLS
2008-03-09,228.10999999999999,SS
2008-01-29,248.84,SS
2007-08-16,3451.1499999999969,LS
2007-05-08,3030.2899999999963,LS
2008-03-04,3711.8199999999974,LS
2007-03-06,480.85000000000014,SS
2006-12-21,5919.2000000000089,LS
2006-04-21,488.45999999999992,SS
2008-01-07,250.52,SS
2006-04-27,1163.4700000000007,MS
2007-09-10,1238.7200000000005,MS
2007-02-13,206.9,SS
2007-11-20,593.99000000000012,XLS
2007-09-20,456.89,SS
2006-11-21,387.83000000000004,SS
2007-08-16,514.66,SS
2008-04-05,239.34999999999997,SS
2006-06-20,1228.21,MS
2006-11-20,3586.9799999999996,LS
2006-05-09,1277.2400000000007,MS
2007-11-30,4248.4899999999961,LS
2007-11-20,1193.25,MS
2006-12-19,6453.1100000000006,LS
2008-01-10,3334.6699999999964,LS
2007-09-25,273.96000000000004,SS
2006-10-14,472.30999999999983,XLS
2006-12-20,6210.2599999999984,LS
2006-07-11,4271.2000000000007,LS
2006-06-23,1345.2000000000012,MS
2006-04-22,305.12999999999994,SS
2008-03-02,536.30999999999972,XLS
2008-02-01,1268.8700000000008,MS
2008-04-25,329.96999999999991,SS
2007-07-02,3609.5999999999976,LS
2006-09-28,895.41999999999985,MS
2006-09-15,3983.4099999999985,LS
2007-03-29,383.08999999999992,SS
2007-12-21,337.95000000000005,SS
2007-10-02,3792.0199999999982,LS
2007-09-03,1574.9900000000002,MS
2007-06-30,4070.6899999999955,LS
2007-11-24,1330.2599999999998,MS
2006-06-20,3725.0299999999934,LS
2007-12-01,1370.8799999999997,MS
2007-07-06,1117.18,MS
2006-12-25,268.34999999999997,SS
2007-07-25,3942.8399999999938,LS
2007-05-14,3622.609999999996,LS
2007-11-28,355.40999999999997,SS
2007-03-21,4058.4599999999973,LS
2007-07-11,719.61999999999966,XLS
2008-02-26,4186.0199999999986,LS
2006-04-10,486.20999999999981,XLS
2006-04-15,592.28999999999974,XLS
2006-04-22,964.26000000000022,MS
2006-04-17,3353.9599999999991,LS
2006-04-23,4034.2,LS
2006-04-19,4103.0599999999986,LS
2006-04-21,446.24999999999989,XLS
2007-04-18,3885.0799999999986,LS
2007-04-19,377.08999999999992,SS
2007-04-27,3666.6099999999979,LS
2007-04-26,1333.38,MS
2006-04-29,1080.03,MS
2006-04-24,311.37,XLS
2006-04-30,1227.3099999999995,MS
2006-05-02,3529.1500000000005,LS
2007-04-23,514.81000000000017,XLS
2007-04-28,354.15000000000003,XLS
2007-05-06,3484.7599999999948,LS
2007-05-03,548.05000000000007,SS
2007-05-03,3757.9400000000019,LS
2007-05-01,1313.65,MS
2007-05-02,229.19,SS
2007-05-04,4234.1500000000015,LS
2007-05-05,338.53000000000003,SS
2007-05-12,3708.0399999999963,LS
2007-05-11,4167.8700000000026,LS
2007-05-09,3606.5399999999963,LS
2006-05-01,1354.8299999999995,MS
2006-05-11,1165.5400000000002,MS
2006-05-10,3973.7399999999993,LS
2006-05-08,1089.9199999999996,MS
2006-05-09,3484.7199999999993,LS
2006-05-21,752.11999999999989,XLS
2007-05-20,1023.7000000000002,MS
2006-05-26,445.16999999999996,XLS
2006-05-22,4273.1299999999956,LS
2006-05-27,3549.4400000000014,LS
2007-05-26,1514.1399999999999,MS
2007-05-21,1204.9900000000002,MS
2007-05-25,574.18999999999983,XLS
2007-05-22,3664.78,LS
2007-05-21,546.06,XLS
2007-05-28,3511.4799999999932,LS
2007-06-04,4601.6999999999971,LS
2007-06-06,263.39,SS
2007-06-05,549.83999999999992,XLS
2006-05-22,1703.8199999999993,MS
2006-06-01,4289.5199999999995,LS
2007-06-12,4103.37,LS
2007-06-14,3981.2199999999993,LS
2007-06-16,616.27000000000044,XLS
2007-06-16,4034.8599999999924,LS
2007-06-19,854.92000000000007,MS
2006-05-29,370.63999999999993,SS
2006-06-06,4067.8099999999945,LS
2006-06-07,3741.8000000000006,LS
2006-06-08,451.13000000000005,XLS
2007-06-21,3623.489999999998,LS
2007-06-28,4305.5399999999991,LS
2007-06-28,1354.7499999999998,MS
2007-06-29,4611.0399999999972,LS
2006-06-18,1410.8999999999996,MS
2006-06-13,1447.3199999999995,MS
2006-06-14,416.31999999999994,SS
2006-06-24,1020.8900000000002,MS
2006-06-21,800.31000000000006,MS
2006-07-01,4350.2699999999995,LS
2006-06-30,1020.9099999999996,MS
2006-07-02,3742.5699999999956,LS
2006-06-30,295.37000000000012,XLS
2006-07-04,487.91999999999985,XLS
2007-07-04,3912.6699999999964,LS
2007-07-05,3867.5799999999972,LS
2007-07-08,1238.3799999999997,MS
2007-07-09,1546.71,MS
2007-07-13,552.83999999999992,SS
2006-07-03,4525.8200000000033,LS
2006-07-06,3463.3700000000017,LS
2006-07-12,415.76999999999987,SS
2006-07-11,1020.0599999999996,MS
2007-07-15,3504.7499999999982,LS
2007-07-17,3423.1099999999988,LS
2007-07-21,3900.0599999999968,LS
2007-07-20,3783.45,LS
2006-07-10,1288.9300000000007,MS
2006-07-16,4151.9999999999982,LS
2006-07-16,207.64999999999998,SS
2006-07-21,1241.5400000000018,MS
2007-07-16,1491.4299999999989,MS
2007-07-28,826.74999999999977,MS
2007-07-29,1397.62,MS
2007-07-26,4012.8699999999967,LS
2007-07-23,4216.1899999999978,LS
2006-07-27,1081.8299999999997,MS
2006-07-27,4172.6099999999988,LS
2006-07-25,4460.0000000000027,LS
2006-08-04,466.60000000000014,XLS
2006-08-05,1107.7099999999998,MS
2006-08-05,561.57999999999981,XLS
2006-08-02,369.19,XLS
2006-08-07,3581.380000000001,LS
2006-08-12,1319.9100000000008,MS
2006-08-09,4001.6100000000006,LS
2007-07-23,1303.4899999999998,MS
2007-08-02,1334.9999999999986,MS
2007-08-01,3256.4999999999973,LS
2007-08-09,1178.9599999999996,MS
2007-08-10,4725.7400000000016,LS
2007-08-14,4233.659999999998,LS
2006-08-07,666.49999999999977,XLS
2006-08-16,955.71000000000015,MS
2006-08-14,3813.9999999999991,LS
2006-08-17,354.52999999999992,XLS
2006-08-21,4071.949999999998,LS
2006-08-25,3834.7199999999966,LS
2006-08-23,800.89,MS
2006-08-22,169.88000000000002,SS
2006-08-27,3910.2099999999982,LS
2006-09-03,3449.779999999997,LS
2006-08-31,3794.8199999999961,LS
2006-09-03,1266.0999999999995,MS
2006-09-02,339.14999999999986,XLS
2006-09-08,4306.4900000000016,LS
2006-09-09,489.95999999999992,XLS
2006-09-08,1451.2299999999987,MS
2006-09-04,4001.9999999999973,LS
2006-09-14,781.1400000000001,MS
2007-08-24,1315.7999999999993,MS
2007-08-22,1308.0099999999993,MS
2007-08-23,1790.65,MS
2007-08-20,1283.4899999999996,MS
2007-08-21,4402.9099999999953,LS
2007-08-26,3726.819999999997,LS
2007-08-29,1074.7900000000004,MS
2007-08-31,1288.9699999999996,MS
2007-08-27,4363.9700000000012,LS
2007-08-30,539.76,XLS
2007-09-01,3264.239999999998,LS
2007-09-03,4637.9699999999975,LS
2007-09-09,582.90999999999985,XLS
2007-09-07,689.12999999999977,XLS
2007-09-14,3752.9399999999987,LS
2007-09-15,3605.4899999999971,LS
2007-09-16,4021.15,LS
2007-09-14,1365.2600000000016,MS
2006-09-15,334.83000000000004,SS
2006-09-13,628.26999999999987,XLS
2006-09-13,1247.3300000000004,MS
2006-09-22,4155.2500000000027,LS
2006-09-19,1045.7800000000002,MS
2006-09-20,4163.2300000000032,LS
2006-09-26,255.42000000000007,SS
2006-09-28,3653.3699999999976,LS
2006-09-25,3723.1300000000019,LS
2006-10-08,1312.21,MS
2007-09-24,3957.2899999999963,LS
2007-10-04,1073.1600000000005,MS
2007-10-05,1066.3200000000002,MS
2007-10-03,999.13000000000045,MS
2007-10-02,1208.69,MS
2007-10-05,4022.4099999999989,LS
2007-10-07,470.61999999999978,XLS
2007-10-03,3761.8,LS
2007-10-06,472.70999999999992,XLS
2007-10-01,470.21999999999986,SS
2007-10-13,3494.3899999999976,LS
2006-10-09,1189.38,MS
2006-10-09,3634.319999999997,LS
2006-10-12,1230.2700000000002,MS
2006-10-15,1011.7300000000001,MS
2006-10-20,4798.5499999999975,LS
2006-10-22,3673.389999999994,LS
2006-10-16,3796.5199999999973,LS
2006-10-16,967.18,MS
2006-10-23,3250.6500000000005,LS
2006-10-25,3642.8299999999954,LS
2006-10-28,361.77,SS
2006-10-29,3799.6800000000003,LS
2006-10-25,398.37000000000006,XLS
2007-10-10,1419.1999999999991,MS
2007-10-16,465.69,SS
2007-10-17,270.38,SS
2007-10-16,556.29,XLS
2007-10-18,3834.739999999998,LS
2007-10-19,1121.6599999999996,MS
2007-10-23,4138.6499999999978,LS
2007-10-28,3958.9999999999955,LS
2007-10-26,581.37,XLS
2007-10-26,1336.4999999999993,MS
2007-10-31,3758.3999999999974,LS
2007-10-29,3337.1099999999979,LS
2007-10-31,1257.5799999999995,MS
2007-11-07,827.60999999999967,MS
2006-11-04,629.43000000000006,XLS
2006-11-02,4337.74,LS
2006-11-05,389.0100000000001,XLS
2006-11-02,510.29,XLS
2006-10-30,473.23000000000008,XLS
2006-11-08,3794.4499999999989,LS
2006-11-11,3783.1799999999953,LS
2006-11-19,3890.2999999999988,LS
2006-11-17,1257.9899999999993,MS
2006-11-18,301.02,XLS
2006-11-14,3926.6599999999962,LS
2006-11-15,454.02999999999992,XLS
2006-11-16,3793.6499999999978,LS
2006-11-16,317.05000000000007,SS
2006-11-19,1404.0699999999997,MS
2006-11-15,265.84000000000003,SS
2006-11-18,1062.6999999999998,MS
2006-11-20,358.88999999999987,XLS
2006-11-24,377.12999999999988,SS
2006-12-03,237.17000000000007,SS
2007-11-06,4094.29,LS
2007-11-11,1325.21,MS
2007-11-06,278.74,SS
2007-11-17,4364.2900000000009,LS
2007-11-15,1861.0799999999988,MS
2007-11-12,262.98000000000008,SS
2007-11-22,4781.7099999999973,LS
2007-11-24,3762.7299999999941,LS
2007-11-23,4244.7899999999981,LS
2007-11-28,3943.9899999999993,LS
2007-12-01,728.1099999999999,XLS
2007-12-02,387.79,SS
2007-12-01,286.7700000000001,SS
2007-11-29,902.57999999999947,MS
2007-12-02,4579.3699999999963,LS
2006-04-22,3618.2599999999993,LS
2007-04-21,1062.17,MS
2007-04-26,3837.7099999999982,LS
2006-04-29,181.27000000000004,SS
2007-04-27,384.40000000000009,SS
2007-04-30,1466.1999999999998,MS
2007-05-04,430.44999999999987,SS
2007-05-06,297.66999999999996,SS
2007-05-01,445.96999999999991,XLS
2007-05-13,4393.6500000000005,LS
2007-05-12,302.02000000000004,XLS
2006-05-21,1094.1700000000005,MS
2007-05-18,1177.389999999999,MS
2007-05-19,469.84000000000003,XLS
2006-05-17,1028.8400000000001,MS
2006-05-15,270.12000000000006,SS
2006-05-28,1238.4900000000005,MS
2007-05-19,1308.8599999999992,MS
2007-05-27,327.51999999999987,XLS
2007-05-21,374.4799999999999,SS
2007-05-27,1297.67,MS
2007-06-01,404.54999999999995,SS
2007-05-29,329.7,XLS
2006-06-01,520.83,XLS
2006-06-04,1473.6599999999999,MS
2006-05-30,3948.5299999999943,LS
2007-06-15,3409.399999999996,LS
2007-06-17,1368.8399999999997,MS
2007-06-18,1259.0299999999997,MS
2007-06-23,1496.94,MS
2006-06-10,1256.6099999999992,MS
2006-06-06,497.79000000000013,XLS
2006-06-14,1104.0100000000002,MS
2006-06-20,364.65,SS
2006-06-24,607.76,XLS
2006-06-23,237.33000000000004,SS
2006-06-28,1053.0299999999997,MS
2007-07-02,1470.0399999999988,MS
2007-07-14,4138.0199999999986,LS
2007-07-10,1428.7099999999996,MS
2007-07-11,3672.2399999999961,LS
2006-07-13,1608.1800000000014,MS
2007-07-14,503.05999999999989,XLS
2007-07-18,1375.3899999999999,MS
2006-07-10,3917.8999999999987,LS
2007-07-26,1288.7999999999997,MS
2007-07-25,917.02,MS
2006-07-17,4238.2699999999986,LS
2006-07-21,416.9,SS
2006-07-28,3562.1099999999988,LS
2006-08-01,294.83999999999986,SS
2007-07-31,3829.239999999998,LS
2007-08-05,1290.5099999999993,MS
2007-08-08,419.12,XLS
2007-08-08,378.36999999999995,SS
2007-08-10,623.80000000000018,XLS
2007-08-10,308.99,SS
2006-08-11,401.26000000000005,SS
2006-08-18,280.94,SS
2006-08-25,1160.640000000001,MS
2006-08-30,270.69000000000005,SS
2007-08-26,518.78,XLS
2007-09-03,461.37,SS
2007-09-13,377.95000000000005,SS
2007-09-11,4003.8499999999985,LS
2007-09-17,1183.0500000000006,MS
2007-09-21,420.02999999999992,SS
2006-09-18,295.72,XLS
2006-09-24,1186.2600000000004,MS
2006-09-21,3681.9399999999932,LS
2006-09-23,1124.9699999999998,MS
2006-09-29,229.06999999999994,SS
2006-09-30,1379.1000000000008,MS
2006-10-01,425.87999999999988,SS
2007-09-22,403.63,XLS
2007-09-26,961.8,MS
2007-10-13,396.56000000000006,SS
2006-10-11,1196.4099999999999,MS
2006-10-19,401.42000000000007,XLS
2006-10-20,217.54,XLS
2006-10-28,1266.14,MS
2006-10-29,327.03000000000009,SS
2006-10-27,1142.7300000000002,MS
2006-10-30,1446.7999999999995,MS
2007-10-08,1289.1899999999998,MS
2006-11-02,230.02999999999994,SS
2006-11-20,1317.9300000000003,MS
2006-11-24,469.19999999999993,XLS
2006-11-23,4642.7100000000046,LS
2006-11-22,1191.92,MS
2006-12-03,3916.8400000000015,LS
2006-12-02,299.82999999999993,SS
2007-11-05,222.27,SS
2007-11-15,3672.7799999999966,LS
2007-11-23,435.02,SS
2007-11-23,1454.2099999999994,MS
2007-11-30,625.54,SS
2006-04-29,505.90999999999997,XLS
2006-04-26,1018.8199999999997,MS
2007-05-16,509.78,SS
2006-05-20,459.78999999999996,XLS
2007-05-22,1109.4499999999998,MS
2007-05-30,589.11999999999989,XLS
2007-05-31,258.29000000000008,SS
2007-06-06,999.58999999999958,MS
2007-06-10,535.97000000000014,XLS
2006-05-27,485.78,XLS
2006-05-29,1377.1899999999996,MS
2007-06-11,1262.96,MS
2006-06-08,1369.1399999999996,MS
2007-06-23,428.8399999999998,SS
2006-06-17,334.62999999999988,SS
2007-07-01,298.35000000000008,SS
2007-07-04,465.92999999999984,SS
2006-07-05,654.73999999999978,XLS
2006-07-04,359.36000000000007,SS
2007-07-15,579.3,XLS
2007-07-22,389.56,SS
2007-07-16,4465.7799999999979,LS
2007-07-25,440.80999999999989,XLS
2006-07-24,1193.7099999999998,MS
2007-08-05,3850.9999999999964,LS
2007-08-03,420.04999999999995,SS
2007-08-12,1260.6499999999996,MS
2007-08-15,1263.75,MS
2006-08-24,1063.79,MS
2006-08-22,4073.0699999999924,LS
2006-08-21,672.16999999999973,XLS
2006-08-25,436.26999999999987,SS
2006-09-05,392.53,SS
2007-08-23,516.81,XLS
2006-09-21,1004.08,MS
2006-09-27,190.97000000000003,SS
2007-09-23,1039.19,MS
2007-09-29,251.31,SS
2006-10-02,1243.9600000000005,MS
2006-10-11,3711.5299999999988,LS
2006-10-11,353.88000000000005,XLS
2006-10-23,599.57999999999993,XLS
2006-10-23,1332.9799999999996,MS
2007-10-24,1079.7199999999998,MS
2007-10-27,327.0,XLS
2007-11-01,435.8499999999998,SS
2006-11-03,3803.2699999999968,LS
2006-11-09,4455.4,LS
2006-11-14,319.58,SS
2006-11-23,417.21999999999991,XLS
2006-11-26,1022.9000000000003,MS
2007-11-13,510.64999999999992,SS
2007-11-21,603.86000000000013,XLS
2007-11-24,640.37999999999988,SS
2007-11-30,965.13000000000034,MS
2006-04-15,1127.2200000000007,MS
2006-04-18,371.50999999999982,SS
2006-04-19,611.99,XLS
2007-04-16,495.86,XLS
2007-04-22,1447.52,MS
2006-04-30,3324.9599999999969,LS
2006-04-25,299.14,SS
2006-05-04,1122.6199999999994,MS
2007-05-04,927.89000000000033,MS
2007-05-05,660.28,XLS
2007-05-09,394.12,XLS
2006-05-06,977.62,MS
2006-05-02,318.94999999999993,XLS
2006-05-17,334.64999999999992,SS
2007-05-11,614.25000000000023,XLS
2006-05-15,436.82000000000005,XLS
2006-05-24,480.79999999999995,XLS
2006-05-30,949.00000000000034,MS
2006-05-31,351.63000000000011,SS
2006-06-05,507.72,XLS
2007-06-30,559.95999999999981,SS
2006-06-17,567.12,XLS
2007-07-04,1417.1000000000001,MS
2007-07-07,521.75000000000011,XLS
2006-07-01,512.75000000000023,XLS
2007-07-08,465.2399999999999,SS
2006-07-07,472.92999999999984,XLS
2006-07-06,1364.8899999999999,MS
2007-07-21,297.85,XLS
2006-07-17,345.42,SS
2006-07-28,1376.1000000000006,MS
2006-07-26,1260.25,MS
2006-08-05,3748.3699999999963,LS
2006-07-31,719.50999999999976,XLS
2007-08-12,347.96000000000004,XLS
2007-08-08,1227.5199999999995,MS
2006-08-17,183.38,SS
2006-08-27,1394.7599999999995,MS
2006-08-31,272.66,SS
2006-08-29,1252.21,MS
2006-09-04,295.06000000000006,SS
2007-08-25,263.38,SS
2007-09-13,438.19999999999982,XLS
2007-09-13,1312.2200000000003,MS
2006-09-14,344.83999999999992,SS
2006-09-30,584.24999999999989,XLS
2006-10-03,903.52999999999952,MS
2007-10-14,928.1099999999999,MS
2007-10-11,1078.3600000000001,MS
2006-10-09,148.01999999999998,SS
2006-10-20,390.53,SS
2006-10-21,1052.4999999999998,MS
2007-10-28,885.19999999999959,MS
2007-11-11,534.91,XLS
2006-11-03,253.24000000000007,SS
2006-11-12,463.82,XLS
2006-12-01,4132.5399999999981,LS
2007-11-06,484.6,XLS
2007-11-08,425.87000000000006,SS
2007-11-05,1200.8199999999997,MS
2007-11-17,590.8,XLS
2007-11-23,500.01000000000005,XLS
2007-11-30,559.74999999999977,XLS
2006-04-25,3557.7299999999991,LS
2007-04-21,343.75,SS
2006-04-27,379.6099999999999,SS
2006-05-26,938.82000000000016,MS
2006-05-28,230.47,SS
2007-06-15,545.79000000000019,XLS
2007-06-13,1183.9899999999998,MS
2007-06-13,712.59999999999991,SS
2007-06-19,414.18000000000006,SS
2007-06-18,486.54999999999995,XLS
2007-06-21,591.79000000000019,XLS
2006-06-26,1153.5899999999997,MS
2007-06-30,1741.3000000000002,MS
2006-06-28,450.78999999999991,SS
2006-06-26,415.92999999999995,SS
2007-07-13,378.57000000000005,XLS
2007-07-10,582.42999999999984,XLS
2006-07-08,272.41999999999996,SS
2006-07-03,904.65000000000009,MS
2006-07-25,1208.7799999999997,MS
2007-08-14,400.9100000000002,SS
2006-08-09,587.71000000000015,XLS
2006-08-18,562.18,XLS
2006-08-23,380.45999999999992,SS
2006-08-27,309.87999999999994,SS
2006-08-28,546.96999999999991,XLS
2006-08-31,245.97000000000003,XLS
2007-08-30,1664.349999999999,MS
2006-10-01,1133.87,MS
2006-10-07,527.11000000000013,XLS
2006-10-08,369.44,XLS
2007-10-13,321.28,XLS
2006-10-10,419.06000000000017,XLS
2006-10-24,407.67000000000007,XLS
2007-10-21,291.48999999999995,SS
2007-11-02,852.11999999999989,MS
2006-11-01,316.5100000000001,SS
2006-11-01,923.50999999999931,MS
2006-11-13,451.69999999999982,XLS
2006-11-15,1044.85,MS
2006-11-16,1292.6500000000003,MS
2007-12-05,310.5800000000001,SS
2006-04-21,1240.2199999999998,MS
2007-04-23,1093.2300000000002,MS
2006-05-19,471.87,XLS
2006-05-16,249.53000000000003,SS
2007-06-01,525.4799999999999,XLS
2006-06-03,1089.9000000000003,MS
2006-06-11,1304.8000000000004,MS
2007-06-21,1480.0799999999995,MS
2007-06-26,549.97,XLS
2006-06-28,736.10000000000014,XLS
2006-07-01,412.27999999999992,SS
2007-07-08,699.18000000000006,XLS
2007-07-03,315.36999999999989,SS
2007-07-19,400.62000000000012,SS
2006-08-08,276.96999999999991,SS
2006-08-15,357.44999999999993,SS
2006-08-19,291.78,SS
2006-09-07,1130.43,MS
2007-08-23,425.24000000000007,SS
2007-09-05,552.96000000000015,SS
2007-09-11,1003.0300000000002,MS
2006-09-16,209.76999999999998,SS
2006-09-19,350.53999999999996,SS
2007-09-24,1479.4199999999996,MS
2007-09-30,456.64,SS
2007-10-04,420.56000000000006,SS
2006-10-05,296.54000000000008,SS
2007-10-20,312.17999999999995,SS
2007-11-02,421.65000000000009,XLS
2006-11-05,387.95999999999992,SS
2006-11-08,323.55,SS
2007-11-05,262.0,XLS
2007-11-19,415.53,XLS
2007-04-20,1136.15,MS
2007-04-29,563.19,XLS
2006-05-06,472.87000000000006,XLS
2006-05-08,303.07,XLS
2006-05-20,1420.2300000000005,MS
2006-05-23,673.49000000000024,XLS
2007-05-31,341.99999999999989,XLS
2007-06-08,346.34999999999991,SS
2006-06-01,330.07000000000011,SS
2006-05-30,251.10000000000002,SS
2007-06-22,1167.31,MS
2006-07-26,439.89,XLS
2006-08-03,291.91000000000008,SS
2007-08-15,389.99000000000012,SS
2006-08-16,507.40999999999997,XLS
2006-08-16,314.16999999999996,SS
2006-08-22,461.97,XLS
2006-09-03,362.31000000000006,XLS
2007-09-02,370.92999999999978,SS
2007-08-28,350.0900000000002,XLS
2007-09-11,498.88,XLS
2007-09-28,558.94999999999982,XLS
2007-10-10,471.68999999999983,XLS
2006-11-07,437.61999999999978,XLS
2006-11-30,553.57999999999993,XLS
2006-11-28,446.40000000000003,XLS
2007-11-17,403.01,SS
2007-11-27,1277.0700000000002,MS
2007-12-03,1025.7599999999998,MS
2007-12-07,1184.4500000000007,MS
2007-12-08,545.18000000000006,SS
2006-04-18,327.43999999999983,XLS
2007-04-26,414.45000000000005,SS
2007-04-28,290.26000000000005,SS
2007-05-03,271.74,XLS
2007-06-04,251.41,SS
2007-06-22,414.98000000000008,SS
2006-06-13,370.53000000000009,SS
2007-06-25,241.82999999999998,SS
2007-07-12,692.7800000000002,XLS
2007-07-24,282.65999999999997,SS
2006-08-01,438.37999999999988,XLS
2006-08-10,889.20999999999981,MS
2007-09-05,525.62000000000012,XLS
2007-09-04,286.28999999999996,XLS
2007-09-26,523.70999999999992,XLS
2007-10-13,1193.1899999999998,MS
2006-10-16,260.09000000000003,XLS
2007-10-24,627.64999999999986,XLS
2007-11-02,255.5,SS
2006-11-10,726.80000000000018,XLS
2007-11-15,325.60000000000014,XLS
2007-06-08,1365.0499999999997,MS
2007-06-13,385.45000000000005,XLS
2006-06-15,297.72,SS
2006-06-18,529.70999999999992,XLS
2006-06-19,271.82,SS
2006-06-20,557.09,XLS
2007-06-28,483.4899999999999,SS
2007-07-20,444.96999999999991,XLS
2007-08-07,547.01,XLS
2007-08-13,1097.8400000000001,MS
2006-09-08,437.17999999999989,XLS
2007-09-17,534.32999999999993,XLS
2006-09-15,640.76999999999975,XLS
2006-09-20,665.29000000000042,XLS
2006-09-29,450.24999999999989,XLS
2007-10-08,328.6400000000001,XLS
2006-10-06,392.80999999999995,XLS
2006-10-22,439.35000000000014,SS
2007-10-31,495.53000000000003,XLS
2007-11-08,591.16000000000008,XLS
2007-04-16,383.89,SS
2006-05-03,575.0,XLS
2006-05-14,266.37,XLS
2007-05-14,451.07000000000016,SS
2007-05-23,228.99,SS
2007-05-30,342.92000000000007,SS
2006-06-02,1200.8200000000004,MS
2006-05-31,442.87,XLS
2006-06-26,461.87,XLS
2007-07-15,403.64,SS
2006-07-24,355.71000000000009,SS
2007-08-09,511.25999999999988,XLS
2006-09-09,941.57999999999993,MS
2007-09-08,337.80999999999995,XLS
2006-09-21,387.59000000000003,XLS
2006-10-03,311.75000000000006,XLS
2006-10-10,216.98000000000002,SS
2006-10-28,432.47000000000008,XLS
2007-11-03,464.05000000000007,XLS
2006-11-07,312.18000000000006,SS
2007-04-18,250.91000000000003,SS
2007-04-24,294.75999999999982,SS
2007-05-02,456.01000000000005,XLS
2006-05-05,278.15,XLS
2006-07-12,493.11,XLS
2007-07-30,403.0,SS
2006-09-12,464.82000000000005,SS
2007-09-23,471.28,XLS
2007-11-04,602.04999999999973,SS
2006-11-26,288.71000000000009,SS
2007-05-14,384.29000000000008,XLS
2007-05-17,430.50999999999993,XLS
2007-06-05,430.3,SS
2007-07-06,567.84,XLS
2006-08-04,379.03,SS
2007-08-18,491.74000000000024,XLS
2006-08-20,393.2399999999999,SS
2007-09-19,242.77,SS
2007-09-26,454.2399999999999,SS
2007-09-28,333.78,SS
2007-10-07,383.71999999999991,SS
2006-10-22,319.59999999999997,XLS
2006-10-17,559.18000000000006,XLS
2006-11-25,370.59000000000003,SS
2007-04-23,435.96,SS
2006-05-07,467.72,XLS
2006-05-12,999.18000000000006,MS
2006-07-22,467.57000000000005,XLS
2007-08-28,302.69000000000017,SS
2006-09-16,1047.4699999999996,MS
2007-10-09,391.80000000000018,SS
2006-05-09,481.89000000000004,XLS
2007-05-20,389.57000000000005,XLS
2007-05-24,475.23,XLS
2007-05-26,487.96000000000004,XLS
2006-06-25,204.77999999999997,SS
2007-08-04,279.35,XLS
2007-08-27,587.7800000000002,SS
2006-09-22,453.87,XLS
2007-04-20,294.23,XLS
2006-06-07,457.04999999999995,XLS
2007-07-21,243.54999999999998,SS
2007-07-29,386.58,SS
2006-12-01,287.90000000000009,SS
2007-12-07,290.62999999999994,SS
2007-12-08,1171.1400000000003,MS
2007-07-29,397.46999999999997,XLS
2007-09-12,542.37000000000012,XLS
2006-10-01,455.70999999999992,XLS
2007-11-14,774.63999999999987,XLS
2007-11-27,287.2700000000001,SS
2006-05-11,140.45999999999998,SS
2006-05-28,469.17000000000019,XLS
2007-06-10,318.83000000000004,SS
2007-06-11,294.61,SS
2007-10-19,420.60000000000014,XLS
2006-11-30,270.23000000000008,SS
2006-12-01,504.84000000000009,XLS
2007-04-30,321.09999999999991,SS
2006-06-11,612.87999999999965,XLS
2006-07-19,351.62,XLS
2007-08-21,437.09,XLS
2007-10-27,347.75999999999988,SS
2006-11-06,359.63000000000011,XLS
2006-05-10,506.06000000000017,XLS
2007-05-22,498.93999999999994,SS
2006-07-06,493.95000000000016,XLS
2006-07-19,193.93,SS
2007-09-30,476.68999999999994,XLS
2007-10-03,582.8900000000001,XLS
2007-11-10,231.94,SS
2007-12-02,613.28,XLS
2007-09-27,469.59000000000026,SS
2007-10-04,428.78000000000003,XLS
2006-10-13,862.4699999999998,MS
2007-11-01,474.31999999999994,XLS
2007-11-21,334.37,SS
2007-05-08,304.79999999999995,SS
2006-05-13,422.8,XLS
2006-06-27,184.99,SS
2006-07-14,341.59,SS
2006-07-29,564.75,XLS
2007-08-11,360.65000000000009,SS
2007-08-24,383.02999999999992,SS
2006-08-29,541.30000000000007,XLS
2007-08-30,345.50999999999982,SS
2006-10-24,245.46000000000004,SS
2006-11-16,256.55000000000007,XLS
2007-05-12,375.87,SS
2007-06-03,514.75,XLS
2006-11-28,524.24999999999989,SS
2006-12-07,1050.5599999999993,MS
2006-12-08,383.83999999999992,SS
2006-12-09,4063.5599999999977,LS
2006-12-06,526.06999999999982,XLS
2006-12-08,4301.7800000000007,LS
2006-12-11,4937.4199999999964,LS
2006-12-17,1279.1999999999994,MS
2006-12-12,444.85,XLS
2006-12-20,1442.9199999999985,MS
2006-12-24,328.36,SS
2006-12-22,5440.66,LS
2006-12-22,412.62000000000012,SS
2007-12-04,535.87999999999988,XLS
2007-12-12,4483.09,LS
2007-12-13,1199.4500000000007,MS
2007-12-11,519.69999999999993,XLS
2007-12-16,555.2600000000001,XLS
2007-12-21,6603.7700000000041,LS
2007-12-22,5881.0700000000006,LS
2007-12-17,6186.4200000000073,LS
2007-12-20,903.75999999999988,XLS
2007-12-28,2153.1499999999992,LS
2007-12-26,2558.0599999999986,LS
2008-01-01,3523.8499999999958,LS
2006-12-20,1041.75,XLS
2006-12-26,2575.49,LS
2007-01-04,235.24000000000007,SS
2007-01-04,3006.6299999999983,LS
2007-01-03,3455.6599999999985,LS
2007-01-03,475.03999999999996,XLS
2007-01-10,687.38000000000011,XLS
2007-01-11,1132.23,MS
2007-01-10,247.76000000000005,SS
2007-01-10,4493.9399999999932,LS
2007-01-17,3177.08,LS
2007-01-17,379.85,XLS
2007-01-18,979.57999999999993,MS
2007-12-31,334.9899999999999,SS
2008-01-04,990.88999999999987,MS
2008-01-10,1172.3600000000006,MS
2008-01-13,1076.5400000000002,MS
2007-01-18,3792.5099999999943,LS
2007-01-21,1267.35,MS
2007-01-19,3319.4099999999971,LS
2007-01-15,1072.6399999999999,MS
2007-01-23,4075.7899999999945,LS
2007-01-22,3315.8999999999969,LS
2007-01-28,1017.9899999999993,MS
2008-01-15,3546.0899999999997,LS
2008-01-25,229.51,SS
2008-02-02,956.67000000000007,MS
2008-01-31,501.93,SS
2008-01-28,1483.7500000000007,MS
2008-02-01,3828.5899999999938,LS
2008-01-31,1041.4900000000005,MS
2008-02-08,3369.0300000000011,LS
2007-01-31,3561.5399999999931,LS
2007-02-01,1189.4700000000003,MS
2007-01-29,3629.0299999999952,LS
2007-02-03,374.86,SS
2007-02-06,1113.7700000000004,MS
2008-02-04,4242.9199999999983,LS
2008-02-12,4108.0499999999975,LS
2008-02-17,1331.8800000000006,MS
2008-02-17,3619.6899999999978,LS
2007-02-14,1009.2999999999997,MS
2007-02-13,3527.6999999999971,LS
2007-02-15,3903.9399999999969,LS
2007-02-17,402.34000000000003,XLS
2008-02-19,1562.6600000000008,MS
2008-02-18,3626.8499999999985,LS
2008-02-28,721.6999999999997,XLS
2008-03-01,3412.1900000000023,LS
2007-02-24,966.57999999999981,MS
2007-02-22,3440.6799999999971,LS
2007-02-26,3617.7399999999943,LS
2007-02-28,1135.0800000000004,MS
2007-03-09,1288.7199999999998,MS
2007-03-09,450.23,XLS
2007-03-10,4058.3399999999956,LS
2007-03-05,3714.9899999999971,LS
2007-03-14,1321.5299999999995,MS
2007-03-16,3634.79,LS
2007-03-13,3633.9100000000012,LS
2008-02-26,1171.6200000000003,MS
2008-02-27,342.0,XLS
2008-03-08,3865.4699999999957,LS
2008-03-04,587.84000000000015,XLS
2008-03-05,1338.8,MS
2007-03-18,1148.4200000000003,MS
2007-03-18,3832.3899999999976,LS
2007-03-12,638.2,XLS
2007-03-25,3107.529999999997,LS
2008-03-10,461.82999999999981,XLS
2008-03-15,3628.1799999999994,LS
2008-03-10,1294.0700000000004,MS
2008-03-23,1219.0600000000002,MS
2008-03-20,1154.0500000000002,MS
2008-03-17,1337.7599999999998,MS
2008-03-18,1352.63,MS
2008-03-17,3232.1999999999985,LS
2008-03-24,1374.5,MS
2008-03-25,1141.5699999999997,MS
2008-03-29,1382.3800000000006,MS
2008-04-06,516.25,XLS
2007-03-20,1030.3600000000001,MS
2007-03-21,488.40999999999985,XLS
2007-03-30,3541.2300000000014,LS
2007-03-31,1683.3000000000002,MS
2007-04-04,1000.8600000000001,MS
2007-04-04,315.27,XLS
2007-04-14,1506.5800000000013,MS
2007-04-15,498.06999999999988,SS
2008-03-31,1221.1899999999996,MS
2008-04-03,1122.9600000000005,MS
2008-04-03,545.15999999999985,SS
2008-04-12,4022.2399999999961,LS
2008-04-07,413.3599999999999,SS
2008-04-09,1096.1499999999996,MS
2008-04-07,1504.9599999999998,MS
2008-04-16,3975.1399999999967,LS
2008-04-16,296.38,XLS
2008-04-17,472.13,XLS
2008-04-21,4394.7399999999989,LS
2008-04-26,1102.3999999999996,MS
2008-04-22,250.59000000000003,SS
2008-04-21,1461.899999999999,MS
2008-04-26,365.20999999999992,SS
2008-04-25,3359.939999999996,LS
2006-06-10,387.84999999999985,SS
2006-07-15,212.02000000000004,SS
2006-10-29,291.21000000000004,XLS
2006-04-11,411.64,XLS
2006-04-28,352.93999999999994,SS
2006-05-29,507.34999999999991,XLS
2007-08-25,367.20999999999981,XLS
2007-12-06,615.70999999999958,XLS
2006-12-12,1101.5399999999997,MS
2006-12-19,756.13999999999987,XLS
2006-12-22,1965.0499999999984,MS
2007-12-10,4849.42,LS
2007-12-21,1249.2600000000002,XLS
2007-12-23,1449.57,MS
2007-12-19,808.18000000000018,XLS
2007-12-29,816.45000000000027,MS
2007-12-24,730.19,MS
2008-01-03,513.99999999999989,XLS
2006-12-29,2975.5500000000015,LS
2006-12-27,1007.8300000000004,MS
2007-01-03,922.85000000000014,MS
2007-01-13,800.35999999999956,MS
2007-01-13,455.97000000000014,XLS
2008-01-06,429.32000000000005,XLS
2008-01-05,3548.4599999999932,LS
2008-01-07,1213.6,MS
2008-01-08,3637.0199999999959,LS
2007-01-25,440.39,SS
2008-01-11,311.11,SS
2008-01-12,3402.4999999999982,LS
2008-01-18,1022.24,MS
2007-01-23,1114.45,MS
2007-02-07,490.79000000000008,XLS
2008-02-11,417.72999999999996,SS
2007-02-12,1055.0000000000005,MS
2007-02-14,382.07000000000005,SS
2007-02-16,890.79999999999973,MS
2007-02-17,1175.0499999999997,MS
2008-02-13,1333.8799999999997,MS
2008-02-23,3756.0699999999997,LS
2008-02-29,3695.0499999999993,LS
2007-02-28,841.97,XLS
2007-03-10,187.04000000000002,SS
2007-03-17,3547.4700000000003,LS
2008-03-08,322.58999999999992,SS
2008-03-07,1245.6799999999998,MS
2007-03-19,362.43,SS
2008-03-10,313.12999999999982,SS
2008-03-30,360.2600000000001,SS
2007-03-20,376.94999999999982,SS
2007-03-26,4666.2199999999984,LS
2007-04-01,488.21999999999997,XLS
2007-04-09,3477.0299999999988,LS
2007-04-10,4082.7200000000003,LS
2008-04-06,1272.3799999999997,MS
2008-04-13,3681.1499999999992,LS
2008-04-10,3933.1099999999965,LS
2008-04-22,712.17000000000053,XLS
2006-11-27,274.55,SS
2006-12-21,1514.3399999999992,MS
2007-12-06,344.59999999999985,SS
2007-12-14,514.21,XLS
2007-12-23,545.07999999999981,SS
2007-12-22,582.64999999999986,SS
2007-12-29,2038.819999999999,LS
2007-12-30,2572.0199999999968,LS
2007-12-28,243.28,SS
2007-12-31,909.15999999999951,MS
2007-01-12,632.7600000000001,MS
2007-01-09,272.26,SS
2008-01-11,1213.1200000000003,MS
2007-01-28,4043.9499999999948,LS
2008-01-13,3586.939999999996,LS
2008-01-18,370.4699999999998,SS
2008-01-14,292.33000000000004,SS
2008-01-27,1248.1199999999997,MS
2008-01-30,1256.1800000000003,MS
2007-02-09,303.95000000000005,SS
2008-02-05,466.30999999999972,XLS
2008-02-11,636.41000000000008,XLS
2007-02-13,1218.0699999999997,MS
2007-02-17,302.07000000000005,SS
2008-02-20,424.95999999999987,SS
2008-02-24,1076.0500000000002,MS
2008-02-18,439.76000000000005,SS
2007-02-24,459.70999999999992,XLS
2007-03-23,1207.6599999999999,MS
2008-03-15,164.61999999999998,SS
2008-03-27,346.00000000000011,SS
2008-03-26,558.71999999999991,XLS
2007-03-25,319.32000000000005,SS
2007-03-22,1329.2800000000004,MS
2007-03-21,303.18000000000006,SS
2007-03-29,1142.930000000001,MS
2007-03-28,579.94999999999982,XLS
2007-03-29,4097.4999999999991,LS
2007-04-03,1256.5800000000002,MS
2007-04-11,1107.72,MS
2007-04-14,4107.3799999999947,LS
2008-04-14,274.09999999999991,SS
2006-12-13,1041.0299999999995,MS
2007-12-16,1346.3999999999992,MS
2007-12-10,474.5499999999999,XLS
2007-12-25,356.78,SS
2007-12-24,228.91000000000003,XLS
2007-01-01,299.7,SS
2007-01-07,1028.5700000000002,MS
2007-01-10,1097.3600000000001,MS
2007-01-15,511.2399999999999,XLS
2007-01-28,508.79999999999995,XLS
2007-01-26,341.32000000000005,SS
2008-01-19,903.14999999999975,MS
2008-01-18,3441.9699999999966,LS
2008-01-22,511.53000000000009,XLS
2008-01-21,473.23,XLS
2008-01-21,3264.9099999999962,LS
2008-01-22,1044.75,MS
2007-02-05,401.40999999999997,XLS
2008-02-07,493.57000000000005,XLS
2008-02-17,684.56000000000017,XLS
2008-02-11,1249.31,MS
2007-02-15,360.11999999999989,XLS
2008-02-21,453.43999999999983,XLS
2008-02-22,565.32000000000016,XLS
2008-02-20,1180.3400000000001,MS
2007-03-03,390.25000000000011,SS
2007-03-11,1196.25,MS
2007-03-10,582.77999999999986,XLS
2007-03-08,415.9199999999999,XLS
2008-03-03,358.62999999999994,SS
2008-03-13,519.25,XLS
2008-03-18,275.92999999999995,SS
2008-03-29,3193.6499999999996,LS
2008-03-28,1112.1800000000005,MS
2008-04-05,339.41999999999996,XLS
2007-04-08,467.64999999999981,SS
2007-04-11,543.31999999999994,XLS
2007-04-10,340.77,XLS
2007-04-18,548.28000000000009,XLS
2008-04-10,543.20000000000016,SS
2008-04-17,320.06999999999994,SS
2008-04-27,1000.3599999999999,MS
2007-12-07,689.16999999999985,XLS
2006-12-05,448.99999999999989,XLS
2006-12-07,344.08000000000004,SS
2007-12-27,330.06000000000006,SS
2006-12-26,794.34000000000037,MS
2007-01-02,362.24999999999994,XLS
2007-01-20,1095.4699999999993,MS
2007-01-16,1203.1100000000004,MS
2008-01-09,1039.62,MS
2008-01-19,677.70999999999981,XLS
2008-01-27,3086.9499999999985,LS
2007-01-25,970.84999999999968,MS
2007-02-02,1015.1500000000001,MS
2008-02-04,367.36999999999989,XLS
2008-02-10,509.90999999999985,XLS
2008-02-12,1179.3700000000003,MS
2008-02-12,454.02,XLS
2007-02-26,337.15000000000009,SS
2007-03-03,476.74000000000012,XLS
2008-03-07,451.35999999999996,XLS
2008-04-04,216.9,SS
2007-04-01,398.13999999999993,SS
2008-04-12,588.71000000000015,SS
2008-04-26,511.27,XLS
2006-12-04,622.69,XLS
2006-12-21,452.05000000000007,SS
2006-12-28,267.29000000000008,SS
2007-01-06,261.48,SS
2007-01-14,1133.1399999999994,MS
2007-01-11,573.12000000000012,XLS
2007-01-27,312.82000000000005,SS
2008-01-26,291.23000000000008,XLS
2008-01-28,285.92999999999995,SS
2008-01-29,1191.6700000000003,MS
2007-02-15,848.23999999999967,MS
2007-02-18,946.91000000000054,MS
2008-02-14,253.92000000000002,XLS
2007-03-04,497.44000000000005,XLS
2007-03-10,1144.7099999999991,MS
2007-03-07,506.4,XLS
2007-03-12,382.99999999999989,SS
2007-03-14,515.99,XLS
2007-03-31,241.36,SS
2007-04-21,366.72,XLS
2008-04-04,315.09000000000003,XLS
2008-04-07,385.02,XLS
2006-05-02,348.17000000000007,SS
2006-07-18,331.03000000000009,XLS
2007-09-15,545.33999999999958,XLS
2006-09-22,219.73000000000005,SS
2006-05-24,218.48999999999995,SS
2006-09-26,427.78000000000003,XLS
2007-12-09,557.16,XLS
2007-12-19,1646.0499999999997,MS
2008-01-17,801.01000000000045,MS
2008-01-22,563.56999999999994,SS
2007-02-13,454.9,XLS
2008-02-29,533.63000000000022,XLS
2008-03-17,663.04999999999984,XLS
2007-04-05,324.15999999999991,SS
2008-04-19,1020.53,MS
2006-12-23,601.2399999999999,SS
2007-12-18,409.01,SS
2007-12-30,260.4,XLS
2008-01-02,436.65999999999997,XLS
2008-01-10,219.02999999999994,SS
2008-01-24,255.43,SS
2007-02-09,373.00000000000011,XLS
2008-02-17,390.30000000000007,SS
2008-02-22,357.59999999999997,SS
2008-02-26,343.35999999999996,SS
2007-03-25,724.29,XLS
2007-03-23,291.62999999999994,SS
2007-04-06,485.38000000000011,XLS
2008-04-19,622.80000000000007,XLS
2008-04-28,387.92000000000007,XLS
2006-07-31,236.24,SS
2006-09-07,426.16999999999996,XLS
2006-08-14,323.02999999999992,SS
2006-12-16,374.99,SS
2007-12-11,410.2600000000001,SS
2007-12-19,578.95999999999992,SS
2007-01-21,241.9800000000001,SS
2007-01-16,346.95000000000016,XLS
2008-01-18,463.55999999999989,XLS
2008-02-01,395.05000000000018,XLS
2008-02-10,286.87,SS
2007-02-24,389.19000000000005,SS
2007-04-08,385.54000000000008,XLS
2008-04-11,478.04999999999995,XLS
2006-10-11,421.00999999999988,SS
2007-11-25,427.44000000000005,XLS
2007-07-28,450.07,XLS
2006-12-22,584.46999999999991,XLS
2007-12-26,914.46,MS
2006-12-31,452.49999999999989,XLS
2006-12-28,414.35000000000014,XLS
2008-01-01,913.39999999999986,MS
2008-01-30,292.08000000000004,SS
2008-02-09,507.2299999999999,SS
2008-03-09,429.88999999999987,XLS
2007-03-16,461.72999999999996,XLS
2008-03-06,686.74999999999977,XLS
2007-03-20,428.37000000000006,XLS
2007-06-29,363.9,SS
2006-11-27,526.9,XLS
2007-08-13,407.36999999999983,XLS
2006-06-07,410.07,SS
2007-01-23,457.44999999999987,SS
2008-01-15,375.03000000000009,SS
2008-02-15,785.68999999999983,MS
2008-02-15,343.42999999999995,SS
2007-02-12,269.67,SS
2007-03-01,450.18999999999983,XLS
2008-03-19,388.70000000000005,SS
2006-12-05,408.66,SS
2007-01-21,470.48,XLS
2008-01-08,319.5,SS
2007-02-04,432.09999999999991,XLS
2008-02-25,356.02000000000004,XLS
2007-04-09,540.57999999999993,XLS
2008-04-10,369.1099999999999,XLS
2007-10-22,380.14000000000004,SS
2006-12-09,390.05999999999989,SS
2006-12-28,850.84999999999991,MS
2007-03-24,401.29000000000008,XLS
2008-04-09,226.5,SS
2008-04-23,512.59999999999991,XLS
2006-04-13,275.58000000000004,SS
2007-12-29,281.58000000000004,SS
2006-12-26,296.47,SS
2008-01-05,368.80000000000007,XLS
2007-01-31,246.61,SS
2008-03-31,271.36,SS
2007-03-22,344.8900000000001,XLS
2008-04-20,470.58000000000004,XLS
2007-06-24,482.53999999999996,XLS
2007-10-12,303.85999999999996,SS
2006-12-08,593.75999999999988,XLS
2007-01-12,561.92000000000019,XLS
2007-02-27,433.67999999999995,SS
2008-03-23,225.82,SS
2007-03-26,193.84999999999997,SS
2007-04-03,347.74,SS
2006-10-27,209.74000000000007,SS
2007-11-07,307.03,SS
2008-01-04,414.34000000000003,XLS
2007-01-01,509.73000000000013,XLS
2007-08-20,668.81999999999994,XLS
2006-12-17,608.70999999999992,XLS
2008-02-20,393.36999999999989,XLS
2007-03-07,209.20999999999998,SS
2008-03-20,371.63999999999987,SS
2007-03-29,348.42,XLS
2008-04-24,316.14999999999992,SS
2006-12-27,267.59999999999997,XLS
2008-01-16,366.56999999999994,SS
2008-01-23,259.72999999999996,SS
2007-03-28,230.67999999999998,SS
2008-04-03,205.93999999999997,XLS
2007-10-31,382.01000000000005,SS
2008-01-17,360.16,XLS
2008-03-03,655.29000000000019,XLS
2006-12-19,644.89,SS
2007-12-26,294.90999999999997,XLS
2008-03-01,417.08000000000004,SS
2008-04-06,350.9,SS
2007-12-05,288.71000000000015,XLS
2007-12-28,377.09000000000003,XLS
2007-01-28,342.57999999999993,SS
2007-02-03,333.68000000000012,XLS
2007-02-21,242.74999999999994,SS
2008-01-21,335.25000000000011,SS
2008-04-09,439.25,XLS
2007-12-12,498.2299999999999,XLS
2008-03-12,577.01,XLS
2008-03-26,387.85000000000014,SS
2007-02-16,334.28,SS
2007-03-18,534.88000000000011,XLS
2008-03-23,235.10999999999999,XLS
2008-02-18,540.47000000000025,XLS
2007-04-07,214.09000000000006,SS
2008-02-04,336.23,SS
2006-12-29,535.27000000000021,XLS
2008-01-13,355.84000000000003,SS
2008-02-07,233.55000000000007,SS
2008-01-11,229.88,XLS
2007-03-13,397.51,XLS
2007-01-30,400.34000000000015,XLS
2006-12-26,191.5,XLS
2007-05-15,408.15999999999997,XLS
2006-07-03,258.30999999999995,SS
2007-10-17,333.97999999999996,XLS
2007-12-25,230.04,XLS
2006-05-18,421.05000000000007,XLS
2006-08-10,285.88,SS
2006-09-09,208.99,SS
2006-07-09,157.61,SS
2007-03-27,380.4799999999999,XLS
2008-02-23,287.32000000000005,XLS
2006-05-25,168.21999999999997,XLS
